id,label,91,704,70,345,266,366,303,653,21,440,535,246,428,533,329,739,287,520,471,763
59249,0,0,0,0,107,0,0,31,0,0,192,0,14,54,0,253,0,0,137,12,0
44766,0,0,0,0,0,255,0,0,0,0,255,0,0,0,0,128,0,0,0,0,0
16634,0,0,0,0,19,247,0,120,20,0,140,0,254,240,0,0,0,0,0,62,0
50542,0,0,0,0,253,250,0,0,0,0,201,0,9,253,0,253,0,0,0,226,0
26323,0,0,0,0,0,253,0,137,227,0,231,0,226,0,0,254,0,0,0,0,0
31895,0,0,0,0,255,0,0,0,255,0,0,0,0,86,0,255,0,0,0,255,0
4347,0,0,0,0,57,254,0,151,254,0,22,0,113,217,0,0,0,0,0,65,0
52941,0,0,0,0,119,0,0,253,0,0,0,0,253,19,0,20,0,138,60,225,0
12785,0,0,0,0,252,252,0,243,0,0,0,0,252,252,0,0,0,0,0,252,0
40494,0,0,0,0,0,253,0,0,0,0,0,0,0,0,0,0,0,0,252,0,0
40108,0,0,0,0,75,0,0,252,119,0,0,0,234,139,0,53,0,197,0,252,0
28855,0,0,0,0,215,253,0,253,17,0,239,0,253,253,0,131,0,0,237,110,0
25497,0,0,0,0,254,121,0,0,4,0,252,0,0,249,0,250,0,0,0,0,0
7786,0,0,0,0,128,207,0,0,0,0,0,0,0,133,0,252,0,252,0,252,0
29736,0,0,0,0,0,176,0,0,0,0,252,0,0,0,0,252,0,0,19,0,0
54328,0,0,0,0,0,225,0,0,7,0,127,0,3,0,0,253,0,0,0,0,0
40284,0,0,0,0,254,10,0,0,0,0,252,0,0,252,0,203,0,0,0,0,0
8016,0,0,0,0,253,72,0,250,129,0,0,0,253,235,0,0,0,0,0,253,0
43527,0,0,0,0,27,253,0,0,37,0,253,0,0,119,0,48,0,0,0,0,0
23613,0,0,0,0,127,253,0,143,237,0,55,0,29,253,0,0,0,0,10,31,0
11267,0,0,0,0,251,251,0,253,31,0,0,0,248,253,0,24,0,32,24,251,0
56533,0,0,0,0,252,0,0,210,0,0,18,0,118,252,0,20,0,0,75,246,0
33645,0,0,0,0,0,252,0,0,236,0,179,0,0,49,0,136,0,0,0,0,0
53401,0,0,0,0,38,223,0,0,0,0,254,0,0,93,0,185,0,0,253,0,0
53185,0,0,0,0,0,253,0,253,165,0,220,0,253,254,0,25,0,0,117,15,0
39527,0,0,0,0,0,253,0,0,0,0,253,0,0,0,0,251,0,0,254,0,0
43561,0,0,0,0,214,212,0,102,151,0,183,0,253,252,0,152,0,0,0,0,0
57977,0,0,0,0,252,232,0,210,0,0,0,0,41,250,0,250,0,0,250,252,0
31112,0,0,0,0,128,222,0,0,0,0,0,0,0,253,0,0,0,0,0,10,0
8233,0,0,0,0,252,208,0,253,172,0,0,0,252,115,0,0,0,0,0,205,0
35660,0,0,0,0,253,253,0,253,59,0,0,0,253,253,0,0,0,15,0,253,0
18171,0,0,0,0,32,113,0,0,1,0,253,0,0,123,0,148,0,0,0,0,0
29235,0,0,0,0,110,231,0,215,252,0,206,0,217,252,0,109,0,0,0,0,0
10750,0,0,0,0,0,0,0,0,90,0,254,0,0,13,0,242,0,0,0,0,0
27200,0,0,0,0,253,219,0,48,0,0,253,0,25,237,0,253,0,0,0,60,0
44696,0,0,0,0,252,0,0,146,0,0,0,0,22,84,0,72,0,120,0,252,0
46484,0,0,0,0,253,0,0,128,0,0,62,0,128,254,0,253,0,0,0,36,0
34345,0,0,0,0,254,0,0,208,0,0,0,0,40,254,0,221,0,0,0,234,0
37269,0,0,0,0,253,253,0,201,0,0,12,0,43,253,0,0,0,0,148,253,0
52928,0,0,0,0,0,156,0,0,0,0,0,0,0,0,0,0,0,0,245,0,0
41432,0,0,0,0,253,0,0,0,0,0,39,0,0,55,0,156,0,0,0,226,0
46007,0,0,0,0,254,38,0,57,25,0,0,0,13,253,0,0,0,0,0,134,0
34867,0,0,0,0,111,253,0,193,238,0,247,0,253,253,0,234,0,0,161,0,0
24681,0,0,0,0,0,253,0,0,11,0,252,0,53,0,0,253,0,0,80,0,0
36533,0,0,0,0,253,253,0,243,209,0,0,0,253,253,0,230,0,0,0,241,0
57595,0,0,0,0,16,191,0,252,0,0,113,0,252,252,0,0,0,0,178,19,0
32541,0,0,0,0,254,220,0,19,0,0,0,0,18,212,0,232,0,0,0,227,0
55275,0,0,0,0,222,253,0,251,123,0,0,0,232,253,0,221,0,0,115,250,0
6400,0,0,0,0,253,204,0,213,205,0,0,0,108,253,0,34,0,0,0,236,0
7685,0,0,0,0,254,254,0,254,0,0,254,0,254,254,0,252,0,0,254,0,0
42153,0,0,0,0,0,222,0,0,253,0,4,0,0,0,0,80,0,0,253,0,0
36829,0,0,0,0,252,17,0,162,0,0,0,0,252,252,0,252,0,0,0,252,0
24393,0,0,0,0,74,108,0,0,100,0,234,0,49,106,0,254,0,0,0,0,0
29148,0,0,0,0,28,110,0,252,0,0,0,0,255,252,0,0,0,197,0,253,0
7004,0,0,0,0,170,0,0,0,0,0,254,0,0,37,0,253,0,0,0,0,0
15291,0,0,0,0,132,253,0,0,245,0,0,0,0,252,0,208,0,0,0,118,0
13921,0,0,0,0,21,243,0,199,253,0,253,0,253,253,0,253,0,0,253,0,0
58575,0,0,0,0,0,220,0,53,199,0,0,0,189,0,0,166,0,0,0,9,0
15064,0,0,0,0,0,254,0,0,0,0,99,0,0,32,0,189,0,0,254,0,0
40850,0,0,0,0,253,23,0,253,0,0,0,0,75,253,0,227,0,0,0,253,0
59187,0,0,0,0,34,161,0,90,117,0,189,0,206,91,0,253,0,0,0,0,0
55917,0,0,0,0,242,237,0,220,152,0,68,0,254,254,0,102,0,0,0,67,0
13641,0,0,0,0,71,0,0,251,0,0,0,0,164,0,0,138,0,125,0,251,0
1930,0,0,0,0,254,254,0,0,0,0,67,0,165,65,0,18,0,0,12,254,0
19543,0,0,0,0,124,253,0,0,44,0,253,0,106,98,0,253,0,0,253,0,0
7708,0,0,0,0,0,115,0,17,0,0,221,0,76,0,0,228,0,0,0,0,0
35708,0,0,0,0,141,0,0,208,0,0,0,0,94,140,0,6,0,59,0,75,0
3776,0,0,0,0,252,7,0,252,0,0,0,0,181,253,0,133,0,165,0,252,0
1798,0,0,0,0,253,0,0,243,0,0,0,0,253,197,0,0,0,0,0,165,0
3937,0,0,0,0,184,252,0,0,84,0,253,0,134,253,0,252,0,0,0,0,0
31356,0,0,0,0,0,104,0,0,0,0,253,0,0,0,0,89,0,0,25,0,0
30800,0,0,0,0,0,252,0,0,242,0,253,0,84,0,0,48,0,0,76,0,0
44127,0,0,0,0,0,255,0,191,255,0,64,0,255,0,0,0,0,0,64,0,0
51286,0,0,0,0,0,222,0,0,0,0,128,0,235,0,0,228,0,0,254,0,0
38200,0,0,0,0,253,253,0,149,108,0,0,0,0,252,0,252,0,0,0,253,0
17210,0,0,0,0,0,254,0,0,0,0,176,0,0,0,0,26,0,0,254,0,0
16975,0,0,0,0,254,251,0,0,0,0,251,0,28,251,0,168,0,29,0,0,0
36251,0,0,0,0,253,253,0,150,0,0,0,0,0,253,0,253,0,153,15,253,0
3012,0,0,0,0,135,0,0,163,0,0,24,0,250,89,0,51,0,6,210,193,0
34355,0,0,0,0,252,0,0,238,0,0,0,0,70,252,0,230,0,0,0,252,0
14311,0,0,0,0,187,254,0,135,0,0,184,0,77,254,0,254,0,0,30,202,0
39494,0,0,0,0,128,0,0,0,0,0,128,0,0,0,0,255,0,0,0,0,0
40237,0,0,0,0,246,253,0,253,35,0,253,0,253,21,0,177,0,0,32,0,0
43205,0,0,0,0,150,247,0,253,0,0,253,0,253,253,0,12,0,0,253,59,0
49971,0,0,0,0,231,0,0,0,0,0,0,0,0,253,0,253,0,0,0,253,0
26183,0,0,0,0,0,252,0,0,0,0,252,0,0,0,0,253,0,0,237,0,0
21028,0,0,0,0,32,0,0,0,0,0,181,0,45,37,0,254,0,0,0,0,0
55521,0,0,0,0,252,232,0,250,252,0,0,0,250,250,0,252,0,0,0,250,0
43258,0,0,0,0,0,39,0,0,0,0,67,0,0,0,0,75,0,0,15,0,0
51917,0,0,0,0,252,0,0,252,0,0,0,0,228,216,0,0,0,0,0,238,0
13005,0,0,0,0,0,228,0,188,0,0,253,0,253,64,0,251,0,0,253,0,0
30827,0,0,0,0,236,0,0,253,2,0,0,0,210,235,0,171,0,27,0,236,0
54808,0,0,0,0,117,0,0,0,8,0,0,0,0,202,0,253,0,53,0,253,0
52617,0,0,0,0,253,253,0,152,135,0,253,0,253,253,0,253,0,0,25,0,0
57321,0,0,0,0,145,253,0,240,253,0,215,0,253,253,0,174,0,0,124,0,0
53705,0,0,0,0,252,232,0,252,137,0,0,0,152,235,0,0,0,0,0,227,0
58362,0,0,0,0,255,255,0,0,255,0,0,0,0,255,0,0,0,0,0,255,0
58546,0,0,0,0,0,252,0,0,252,0,193,0,0,60,0,252,0,0,0,0,0
17200,0,0,0,0,253,154,0,48,0,0,0,0,39,253,0,131,0,0,243,165,0
31476,0,0,0,0,250,136,0,250,105,0,250,0,209,250,0,0,0,0,128,250,0
12796,0,0,0,0,253,253,0,253,37,0,116,0,251,253,0,248,0,0,0,253,0
32574,0,0,0,0,248,0,0,146,98,0,125,0,188,147,0,208,0,0,82,107,0
44060,0,0,0,0,250,56,0,0,0,0,116,0,70,253,0,253,0,0,0,253,0
20609,0,0,0,0,255,255,0,255,128,0,191,0,255,255,0,255,0,0,0,0,0
46516,0,0,0,0,253,165,0,181,153,0,0,0,0,63,0,22,0,0,0,208,0
16285,0,0,0,0,0,253,0,0,0,0,170,0,0,0,0,254,0,0,0,0,0
16081,0,0,0,0,0,253,0,226,233,0,253,0,253,90,0,253,0,0,254,0,0
27092,0,0,0,0,220,168,0,253,253,0,0,0,253,253,0,0,0,0,0,40,0
15189,0,0,0,0,254,254,0,0,0,0,0,0,0,230,0,254,0,0,0,254,0
18263,0,0,0,0,251,122,0,0,21,0,253,0,253,253,0,251,0,0,0,0,0
5342,0,0,0,0,203,0,0,0,0,0,92,0,21,92,0,252,0,0,0,0,0
44871,0,0,0,0,137,219,0,254,250,0,0,0,247,117,0,0,0,0,0,209,0
18921,0,0,0,0,252,253,0,252,215,0,0,0,253,252,0,0,0,0,0,210,0
46562,0,0,0,0,197,0,0,253,3,0,0,0,253,180,0,74,0,37,0,253,0
16402,0,0,0,0,253,0,0,5,0,0,37,0,0,0,0,252,0,0,0,35,0
6973,0,0,0,0,253,253,0,253,205,0,253,0,253,19,0,253,0,2,253,0,0
5646,0,0,0,0,253,0,0,0,0,0,0,0,0,253,0,166,0,0,0,145,0
1403,0,0,0,0,205,251,0,253,129,0,255,0,251,253,0,251,0,0,225,0,0
26799,0,0,0,0,253,0,0,214,0,0,193,0,88,253,0,253,0,42,0,253,0
39295,0,0,0,0,0,254,0,252,253,0,254,0,253,214,0,213,0,0,253,0,0
49221,0,0,0,0,0,0,0,132,212,0,253,0,214,0,0,0,0,0,254,0,0
41041,0,0,0,0,231,122,0,0,0,0,141,0,0,163,0,32,0,0,0,79,0
28784,0,0,0,0,253,253,0,0,0,0,253,0,0,94,0,253,0,0,0,0,0
20175,0,0,0,0,5,253,0,234,0,0,0,0,87,0,0,0,0,55,0,253,0
46992,0,0,0,0,0,193,0,156,0,0,0,0,0,0,0,10,0,34,0,250,0
14148,0,0,0,0,245,103,0,253,101,0,0,0,217,202,0,5,0,0,0,241,0
4713,0,0,0,0,252,252,0,147,0,0,0,0,16,253,0,253,0,0,0,232,0
7499,0,0,0,0,0,254,0,0,0,0,62,0,0,0,0,0,0,0,0,0,0
53940,0,0,0,0,0,254,0,0,0,0,10,0,0,0,0,0,0,0,191,0,0
27822,0,0,0,0,0,0,0,0,0,0,0,0,0,0,0,0,0,0,230,0,0
10237,0,0,0,0,253,254,0,251,162,0,254,0,253,253,0,253,0,108,91,253,0
712,0,0,0,0,0,253,0,61,251,0,77,0,251,0,0,251,0,0,251,0,0
57963,0,0,0,0,134,0,0,252,158,0,0,0,209,183,0,48,0,47,0,234,0
55251,0,0,0,0,252,240,0,252,13,0,0,0,252,252,0,0,0,0,0,252,0
462,0,0,0,0,220,251,0,199,0,0,37,0,245,253,0,219,0,175,0,251,0
48111,0,0,0,0,93,253,0,0,0,0,253,0,89,103,0,253,0,0,30,0,0
4556,0,0,0,0,185,0,0,0,0,0,253,0,0,0,0,253,0,0,0,0,0
44029,0,0,0,0,119,253,0,45,229,0,253,0,111,253,0,253,0,0,57,0,0
9994,0,0,0,0,24,141,0,0,254,0,0,0,0,119,0,213,0,9,0,171,0
3896,0,0,0,0,253,16,0,22,0,0,0,0,128,253,0,253,0,0,0,253,0
23095,0,0,0,0,252,252,0,252,16,0,3,0,128,253,0,49,0,25,55,252,0
31410,0,0,0,0,253,189,0,190,68,0,0,0,110,246,0,226,0,0,0,253,0
4718,0,0,0,0,0,222,0,0,0,0,253,0,16,0,0,253,0,0,2,0,0
53255,0,0,0,0,198,253,0,180,0,0,253,0,253,253,0,253,0,0,253,0,0
11758,0,0,0,0,251,173,0,220,251,0,253,0,61,173,0,253,0,27,0,221,0
55348,0,0,0,0,0,0,0,0,0,0,199,0,0,0,0,239,0,0,0,0,0
10479,0,0,0,0,253,253,0,253,17,0,239,0,253,253,0,7,0,0,187,30,0
21736,0,0,0,0,253,0,0,172,20,0,0,0,234,253,0,0,0,0,0,20,0
22202,0,0,0,0,245,0,0,253,0,0,63,0,224,196,0,0,0,147,0,233,0
10801,0,0,0,0,253,151,0,0,0,0,253,0,75,254,0,253,0,0,146,0,0
1626,0,0,0,0,245,11,0,0,37,0,36,0,236,255,0,202,0,0,0,0,0
45766,0,0,0,0,254,254,0,234,0,0,0,0,136,162,0,0,0,0,0,254,0
20622,0,0,0,0,181,0,0,0,9,0,221,0,0,117,0,183,0,0,0,0,0
45966,0,0,0,0,75,0,0,145,0,0,0,0,56,177,0,87,0,97,0,75,0
29409,0,0,0,0,253,253,0,253,37,0,0,0,253,253,0,199,0,16,82,253,0
41614,0,0,0,0,0,0,0,0,0,0,0,0,0,0,0,0,0,0,21,0,0
59342,0,0,0,0,204,224,0,208,253,0,104,0,253,253,0,234,0,0,0,5,0
21600,0,0,0,0,133,0,0,0,0,0,85,0,0,100,0,253,0,0,0,0,0
35816,0,0,0,0,132,0,0,0,0,0,132,0,131,100,0,198,0,0,0,0,0
38232,0,0,0,0,253,253,0,253,253,0,0,0,253,253,0,0,0,0,0,240,0
23943,0,0,0,0,0,252,0,92,0,0,0,0,78,206,0,191,0,0,181,154,0
52804,0,0,0,0,252,116,0,253,88,0,0,0,161,253,0,24,0,0,0,56,0
21768,0,0,0,0,128,0,0,0,0,0,0,0,0,253,0,254,0,0,0,80,0
46931,0,0,0,0,252,254,0,252,0,0,0,0,243,254,0,0,0,0,21,252,0
47690,0,0,0,0,76,12,0,0,0,0,253,0,156,0,0,253,0,69,32,0,0
10806,0,0,0,0,252,0,0,180,0,0,0,0,152,252,0,143,0,210,0,252,0
39457,0,0,0,0,90,119,0,253,0,0,253,0,243,253,0,253,0,0,253,0,0
46796,0,0,0,0,243,251,0,179,57,0,0,0,231,251,0,251,0,0,0,251,0
49530,0,0,0,0,0,0,0,0,0,0,254,0,0,0,0,149,0,0,0,0,0
38057,0,0,0,0,0,178,0,0,8,0,104,0,0,0,0,79,0,0,161,0,0
57650,0,0,0,0,233,16,0,253,12,0,0,0,253,253,0,0,0,108,0,253,0
8855,0,0,0,0,138,3,0,253,253,0,253,0,253,230,0,247,0,0,223,55,0
37663,0,0,0,0,96,0,0,0,0,0,0,0,0,253,0,253,0,241,0,253,0
35505,0,0,0,0,191,0,0,255,191,0,0,0,255,128,0,0,0,191,0,255,0
21319,0,0,0,0,252,218,0,90,164,0,0,0,208,159,0,139,0,0,0,56,0
19074,0,0,0,0,252,0,0,0,0,0,0,0,0,244,0,250,0,0,0,242,0
46962,0,0,0,0,0,252,0,27,216,0,253,0,128,20,0,252,0,0,3,0,0
59940,0,0,0,0,0,255,0,255,0,0,255,0,255,255,0,255,0,0,255,0,0
20936,0,0,0,0,156,143,0,0,10,0,146,0,0,214,0,80,0,0,0,0,0
22710,0,0,0,0,253,153,0,253,0,0,0,0,145,253,0,164,0,229,0,253,0
22707,0,0,0,0,214,253,0,253,192,0,253,0,253,239,0,234,0,0,253,0,0
41384,0,0,0,0,252,0,0,0,0,0,0,0,0,184,0,253,0,0,0,183,0
23926,0,0,0,0,68,233,0,0,0,0,253,0,89,103,0,253,0,0,2,0,0
54853,0,0,0,0,255,255,0,64,255,0,0,0,191,255,0,0,0,0,0,255,0
16618,0,0,0,0,254,0,0,254,0,0,0,0,187,254,0,46,0,0,0,254,0
7378,0,0,0,0,251,251,0,253,0,0,0,0,251,253,0,253,0,253,32,251,0
47135,0,0,0,0,32,254,0,254,210,0,254,0,219,233,0,254,0,0,194,236,0
55830,0,0,0,0,0,240,0,0,0,0,234,0,0,0,0,182,0,0,23,0,0
5353,0,0,0,0,234,252,0,253,177,0,191,0,252,253,0,90,0,0,207,252,0
1625,0,0,0,0,244,192,0,252,19,0,0,0,47,252,0,0,0,0,0,0,0
37323,0,0,0,0,165,253,0,144,253,0,73,0,253,253,0,253,0,0,0,69,0
18073,0,0,0,0,253,0,0,0,0,0,0,0,0,254,0,252,0,0,0,206,0
57202,0,0,0,0,0,118,0,0,0,0,116,0,0,0,0,84,0,0,0,0,0
20141,0,0,0,0,220,252,0,237,161,0,0,0,233,0,0,57,0,0,0,252,0
29772,0,0,0,0,34,128,0,106,92,0,254,0,113,165,0,254,0,0,155,27,0
41627,0,0,0,0,131,253,0,252,252,0,163,0,89,252,0,0,0,0,63,0,0
23279,0,0,0,0,252,252,0,169,0,0,149,0,0,253,0,236,0,7,252,252,0
36560,0,0,0,0,252,107,0,119,0,0,0,0,122,253,0,75,0,0,0,197,0
45617,0,0,0,0,253,222,0,5,0,0,253,0,41,76,0,253,0,0,0,0,0
9166,0,0,0,0,251,180,0,215,148,0,0,0,251,251,0,73,0,0,182,246,0
14752,0,0,0,0,252,37,0,233,0,0,38,0,0,85,0,0,0,0,0,151,0
81,0,0,0,0,0,253,0,0,173,0,253,0,60,0,0,253,0,0,0,0,0
14137,0,0,0,0,254,251,0,0,0,0,0,0,253,251,0,253,0,0,85,254,0
33501,0,0,0,0,255,191,0,191,0,0,0,0,255,191,0,0,0,0,0,255,0
41056,0,0,0,0,141,241,0,0,14,0,124,0,0,235,0,247,0,0,0,0,0
8653,0,0,0,0,251,251,0,251,0,0,253,0,253,251,0,251,0,0,253,196,0
24525,0,0,0,0,252,220,0,253,0,0,13,0,176,109,0,80,0,0,207,87,0
34070,0,0,0,0,237,0,0,0,0,0,254,0,91,254,0,254,0,0,194,0,0
28904,0,0,0,0,222,0,0,70,0,0,0,0,10,203,0,163,0,252,0,217,0
4852,0,0,0,0,252,0,0,252,0,0,0,0,196,252,0,222,0,30,0,252,0
9034,0,0,0,0,189,35,0,253,46,0,12,0,253,98,0,166,0,0,0,5,0
53851,0,0,0,0,209,149,0,0,48,0,253,0,0,239,0,234,0,0,7,0,0
5268,0,0,0,0,83,0,0,56,0,0,0,0,0,254,0,253,0,224,0,251,0
2718,0,0,0,0,0,253,0,0,0,0,253,0,0,0,0,0,0,0,0,0,0
46628,0,0,0,0,252,0,0,7,0,0,0,0,53,252,0,253,0,0,0,231,0
19490,0,0,0,0,252,252,0,98,163,0,252,0,188,252,0,252,0,0,148,98,0
21064,0,0,0,0,170,123,0,0,0,0,0,0,0,70,0,237,0,0,0,69,0
12653,0,0,0,0,254,254,0,254,0,0,227,0,254,254,0,128,0,0,254,0,0
21640,0,0,0,0,0,226,0,0,0,0,241,0,0,0,0,239,0,0,0,0,0
4002,0,0,0,0,255,255,0,64,64,0,0,0,64,255,0,255,0,0,0,255,0
35999,0,0,0,0,13,254,0,45,253,0,123,0,0,98,0,0,0,0,67,0,0
6875,0,0,0,0,255,255,0,255,255,0,191,0,255,255,0,255,0,0,0,191,0
41191,0,0,0,0,54,252,0,253,84,0,253,0,252,253,0,0,0,0,207,0,0
36260,0,0,0,0,228,0,0,0,0,0,0,0,0,0,0,166,0,0,0,0,0
20840,0,0,0,0,39,253,0,0,0,0,0,0,0,203,0,253,0,253,0,253,0
36789,0,0,0,0,253,253,0,253,0,0,83,0,243,253,0,253,0,0,253,253,0
54391,0,0,0,0,252,252,0,252,252,0,21,0,252,148,0,253,0,201,73,252,0
53290,0,0,0,0,253,2,0,179,0,0,253,0,253,253,0,253,0,0,106,0,0
44451,0,0,0,0,158,135,0,29,155,0,0,0,12,253,0,253,0,0,0,253,0
28690,0,0,0,0,253,239,0,196,65,0,0,0,0,253,0,253,0,0,236,253,0
656,0,0,0,0,20,253,0,75,0,0,253,0,37,76,0,253,0,0,206,0,0
52429,0,0,0,0,252,253,0,252,0,0,0,0,252,252,0,143,0,0,141,252,0
17726,0,0,0,0,253,16,0,106,0,0,42,0,195,253,0,253,0,0,0,142,0
20843,0,0,0,0,41,252,0,252,241,0,252,0,70,249,0,79,0,0,246,0,0
12927,0,0,0,0,96,253,0,253,65,0,231,0,253,247,0,169,0,0,246,119,0
30871,0,0,0,0,214,28,0,226,38,0,68,0,245,228,0,253,0,0,0,226,0
23940,0,0,0,0,253,251,0,235,87,0,253,0,253,253,0,253,0,0,150,2,0
19669,0,0,0,0,208,253,0,253,7,0,0,0,253,0,0,0,0,54,0,253,0
33485,0,0,0,0,255,128,0,255,64,0,0,0,0,255,0,64,0,0,0,255,0
192,0,0,0,0,192,0,0,0,0,0,241,0,3,80,0,253,0,0,0,0,0
25304,0,0,0,0,253,0,0,252,0,0,0,0,110,215,0,0,0,0,0,253,0
39564,0,0,0,0,0,0,0,0,0,0,253,0,0,0,0,170,0,0,0,0,0
26007,0,0,0,0,0,253,0,0,0,0,253,0,0,0,0,194,0,0,4,0,0
37738,0,0,0,0,253,0,0,0,0,0,0,0,0,121,0,253,0,70,0,253,0
12119,0,0,0,0,0,253,0,0,253,0,230,0,0,0,0,94,0,0,253,0,0
26298,0,0,0,0,250,250,0,250,0,0,0,0,115,250,0,250,0,250,0,250,0
25987,0,0,0,0,253,84,0,253,0,0,197,0,169,253,0,251,0,197,141,56,0
19542,0,0,0,0,0,127,0,0,56,0,0,0,0,0,0,0,0,0,91,0,0
54812,0,0,0,0,0,252,0,0,0,0,168,0,42,0,0,253,0,0,0,0,0
27749,0,0,0,0,91,186,0,60,253,0,0,0,122,202,0,253,0,0,0,253,0
59433,0,0,0,0,251,251,0,0,0,0,53,0,0,110,0,251,0,253,251,251,0
27492,0,0,0,0,61,66,0,145,0,0,0,0,37,253,0,161,0,97,0,253,0
39800,0,0,0,0,252,0,0,0,0,0,0,0,0,162,0,250,0,0,0,126,0
46294,0,0,0,0,56,218,0,0,40,0,253,0,0,170,0,168,0,0,6,0,0
733,0,0,0,0,7,253,0,201,253,0,59,0,168,235,0,0,0,0,0,222,0
12872,0,0,0,0,213,0,0,0,146,0,249,0,0,231,0,213,0,0,0,0,0
7807,0,0,0,0,247,253,0,254,19,0,254,0,192,254,0,180,0,0,10,0,0
20510,0,0,0,0,251,253,0,253,44,0,24,0,253,253,0,73,0,0,124,253,0
50311,0,0,0,0,253,32,0,253,0,0,0,0,192,36,0,0,0,13,0,253,0
10505,0,0,0,0,253,253,0,253,253,0,48,0,253,253,0,39,0,0,0,220,0
57558,0,0,0,0,220,0,0,254,64,0,0,0,241,254,0,0,0,0,0,65,0
31020,0,0,0,0,0,56,0,252,0,0,76,0,169,0,0,0,0,246,0,0,0
24842,0,0,0,0,33,0,0,183,0,0,0,0,147,102,0,239,0,27,0,157,0
31769,0,0,0,0,252,0,0,0,0,0,106,0,0,232,0,250,0,0,0,118,0
35700,0,0,0,0,253,253,0,253,166,0,246,0,253,253,0,253,0,0,0,28,0
35409,0,0,0,0,253,253,0,253,0,0,11,0,98,206,0,0,0,0,199,253,0
52079,0,0,0,0,34,134,0,253,0,0,253,0,253,253,0,0,0,0,253,0,0
25676,0,0,0,0,253,253,0,127,0,0,0,0,253,239,0,0,0,0,0,211,0
29364,0,0,0,0,253,200,0,130,253,0,201,0,253,253,0,253,0,0,0,111,0
55993,0,0,0,0,254,254,0,0,56,0,237,0,61,239,0,202,0,0,13,0,0
5340,0,0,0,0,253,253,0,0,0,0,0,0,0,253,0,234,0,0,0,253,0
36506,0,0,0,0,252,191,0,12,32,0,0,0,0,252,0,252,0,70,0,252,0
23739,0,0,0,0,101,233,0,253,253,0,48,0,201,253,0,0,0,0,0,6,0
12150,0,0,0,0,176,0,0,44,4,0,0,0,97,28,0,41,0,0,0,206,0
26713,0,0,0,0,253,0,0,106,0,0,0,0,32,253,0,253,0,0,0,253,0
19908,0,0,0,0,0,245,0,0,0,0,137,0,0,0,0,199,0,0,138,0,0
5938,0,0,0,0,252,252,0,133,223,0,253,0,252,222,0,253,0,0,253,0,0
19376,0,0,0,0,254,0,0,6,0,0,0,0,0,239,0,88,0,0,0,168,0
18837,0,0,0,0,253,253,0,245,28,0,32,0,253,254,0,31,0,0,0,238,0
48274,0,0,0,0,253,0,0,32,59,0,0,0,0,254,0,253,0,209,0,253,0
42764,0,0,0,0,253,177,0,134,0,0,29,0,203,253,0,131,0,0,0,106,0
21216,0,0,0,0,124,0,0,44,0,0,0,0,0,253,0,254,0,253,0,253,0
7664,0,0,0,0,34,0,0,0,0,0,189,0,0,0,0,230,0,0,0,0,0
57161,0,0,0,0,134,216,0,57,0,0,253,0,253,253,0,253,0,0,253,0,0
4453,0,0,0,0,253,215,0,253,143,0,213,0,45,253,0,0,0,0,227,0,0
13066,0,0,0,0,64,0,0,191,0,0,0,0,0,0,0,64,0,128,0,64,0
55890,0,0,0,0,253,0,0,207,0,0,0,0,102,24,0,0,0,134,0,230,0
23154,0,0,0,0,131,253,0,19,0,0,240,0,38,252,0,0,0,0,253,0,0
40877,0,0,0,0,253,27,0,173,0,0,0,0,3,253,0,120,0,0,0,212,0
10844,0,0,0,0,234,238,0,0,254,0,124,0,0,246,0,254,0,0,0,0,0
5249,0,0,0,0,0,253,0,0,209,0,253,0,212,151,0,253,0,0,119,0,0
33536,0,0,0,0,230,220,0,0,244,0,255,0,0,253,0,252,0,0,0,0,0
10080,0,0,0,0,253,0,0,123,0,0,0,0,60,0,0,209,0,0,0,195,0
21314,0,0,0,0,112,253,0,253,199,0,11,0,220,253,0,168,0,0,2,200,0
6991,0,0,0,0,0,253,0,0,253,0,255,0,3,0,0,253,0,0,0,0,0
26859,0,0,0,0,253,253,0,84,0,0,253,0,254,253,0,251,0,0,0,84,0
3585,0,0,0,0,151,251,0,251,241,0,23,0,251,77,0,0,0,200,40,251,0
787,0,0,0,0,204,252,0,234,140,0,0,0,253,252,0,91,0,0,0,156,0
3568,0,0,0,0,221,252,0,121,0,0,252,0,82,252,0,252,0,0,202,0,0
30943,0,0,0,0,56,253,0,0,11,0,253,0,0,49,0,48,0,0,0,0,0
15890,0,0,0,0,250,250,0,126,0,0,252,0,223,128,0,252,0,0,170,0,0
41465,0,0,0,0,77,222,0,253,0,0,253,0,253,253,0,58,0,0,253,4,0
11605,0,0,0,0,57,0,0,139,251,0,253,0,198,85,0,251,0,0,254,0,0
43169,0,0,0,0,0,86,0,253,0,0,253,0,230,192,0,218,0,0,253,0,0
23113,0,0,0,0,253,253,0,253,0,0,247,0,253,131,0,205,0,0,253,119,0
24861,0,0,0,0,0,253,0,66,253,0,31,0,208,0,0,125,0,0,0,0,0
42608,0,0,0,0,0,0,0,0,76,0,237,0,0,51,0,206,0,0,0,0,0
28428,0,0,0,0,254,68,0,213,201,0,0,0,254,254,0,0,0,0,0,254,0
58754,0,0,0,0,165,0,0,25,13,0,125,0,243,254,0,198,0,0,0,0,0
31310,0,0,0,0,0,253,0,0,0,0,224,0,0,0,0,0,0,0,225,0,0
11559,0,0,0,0,0,253,0,0,252,0,249,0,69,0,0,252,0,0,193,0,0
7338,0,0,0,0,219,0,0,253,232,0,18,0,253,138,0,0,0,0,0,209,0
31043,0,0,0,0,240,227,0,221,0,0,145,0,234,253,0,156,0,0,0,0,0
20747,0,0,0,0,202,230,0,0,0,0,253,0,0,235,0,32,0,0,0,0,0
32489,0,0,0,0,57,253,0,253,83,0,57,0,254,85,0,83,0,0,254,253,0
48695,0,0,0,0,246,226,0,213,0,0,0,0,162,131,0,144,0,0,0,253,0
16238,0,0,0,0,0,253,0,18,205,0,253,0,148,0,0,253,0,0,100,0,0
28202,0,0,0,0,148,0,0,48,0,0,0,0,5,252,0,116,0,170,0,252,0
58180,0,0,0,0,241,0,0,253,116,0,0,0,253,109,0,0,0,0,0,253,0
53189,0,0,0,0,178,253,0,252,252,0,126,0,252,246,0,26,0,0,0,208,0
949,0,0,0,0,214,254,0,7,203,0,254,0,247,254,0,254,0,0,254,0,0
59762,0,0,0,0,0,253,0,39,0,0,253,0,0,0,0,191,0,0,173,0,0
24856,0,0,0,0,253,0,0,0,0,0,156,0,0,235,0,135,0,0,0,0,0
20928,0,0,0,0,250,250,0,252,0,0,0,0,250,252,0,252,0,252,0,250,0
22441,0,0,0,0,171,148,0,41,252,0,252,0,179,252,0,253,0,0,0,0,0
10861,0,0,0,0,253,253,0,0,46,0,254,0,117,254,0,253,0,0,0,0,0
51818,0,0,0,0,0,51,0,0,0,0,241,0,0,0,0,44,0,0,0,0,0
37559,0,0,0,0,233,0,0,213,0,0,0,0,21,203,0,20,0,62,0,102,0
13916,0,0,0,0,0,186,0,0,0,0,109,0,0,0,0,246,0,0,0,0,0
2218,0,0,0,0,130,0,0,0,0,0,244,0,0,186,0,83,0,0,0,0,0
7669,0,0,0,0,251,251,0,253,31,0,255,0,236,229,0,251,0,0,251,8,0
45035,0,0,0,0,253,253,0,114,0,0,0,0,56,196,0,254,0,0,0,253,0
6923,0,0,0,0,253,253,0,253,228,0,72,0,253,94,0,79,0,0,0,71,0
37079,0,0,0,0,252,252,0,252,8,0,193,0,252,252,0,252,0,234,129,252,0
56949,0,0,0,0,238,0,0,210,253,0,194,0,253,253,0,249,0,37,0,39,0
17392,0,0,0,0,29,95,0,0,0,0,28,0,0,0,0,254,0,0,0,0,0
29151,0,0,0,0,0,233,0,35,252,0,132,0,253,0,0,252,0,0,232,0,0
12239,0,0,0,0,31,253,0,243,253,0,253,0,253,232,0,252,0,0,201,0,0
33219,0,0,0,0,149,253,0,199,253,0,253,0,253,253,0,186,0,0,253,33,0
9985,0,0,0,0,241,253,0,253,253,0,253,0,253,253,0,253,0,0,253,0,0
15237,0,0,0,0,31,253,0,253,253,0,7,0,253,249,0,40,0,0,0,33,0
41383,0,0,0,0,0,12,0,176,25,0,0,0,254,0,0,0,0,0,135,17,0
15060,0,0,0,0,254,0,0,0,0,0,0,0,0,62,0,181,0,0,0,200,0
37425,0,0,0,0,182,253,0,0,136,0,254,0,36,170,0,253,0,253,0,0,0
5665,0,0,0,0,63,252,0,252,252,0,120,0,252,252,0,253,0,0,0,71,0
18590,0,0,0,0,113,0,0,0,0,0,114,0,0,253,0,254,0,185,0,0,0
58247,0,0,0,0,255,255,0,255,0,0,0,0,255,255,0,0,0,0,0,255,0
44599,0,0,0,0,0,255,0,0,0,0,255,0,0,64,0,255,0,0,0,0,0
20551,0,0,0,0,29,252,0,0,203,0,252,0,0,163,0,113,0,0,126,0,0
40180,0,0,0,0,84,0,0,0,0,0,0,0,0,252,0,215,0,0,0,223,0
5698,0,0,0,0,253,0,0,139,0,0,0,0,57,253,0,251,0,0,0,253,0
42488,0,0,0,0,253,25,0,8,21,0,136,0,3,246,0,253,0,0,0,0,0
55006,0,0,0,0,66,0,0,227,0,0,0,0,248,252,0,0,0,161,0,252,0
33111,0,0,0,0,224,253,0,45,99,0,253,0,253,253,0,242,0,0,253,51,0
24605,0,0,0,0,4,253,0,214,252,0,178,0,152,19,0,143,0,0,63,43,0
21907,0,0,0,0,253,125,0,252,0,0,0,0,254,252,0,252,0,19,0,253,0
18759,0,0,0,0,254,254,0,254,2,0,0,0,254,254,0,0,0,0,0,251,0
5512,0,0,0,0,6,0,0,254,0,0,7,0,254,254,0,0,0,249,0,252,0
44326,0,0,0,0,0,0,0,0,0,0,128,0,0,0,0,255,0,0,0,0,0
27893,0,0,0,0,225,253,0,253,253,0,38,0,253,254,0,164,0,0,55,253,0
44314,0,0,0,0,221,188,0,0,99,0,0,0,131,241,0,0,0,0,0,232,0
38102,0,0,0,0,208,0,0,245,109,0,2,0,0,98,0,0,0,0,0,4,0
1346,0,0,0,0,22,253,0,253,0,0,235,0,29,164,0,84,0,0,254,0,0
17454,0,0,0,0,0,253,0,8,39,0,253,0,128,10,0,253,0,0,222,0,0
28466,0,0,0,0,0,0,0,191,0,0,0,0,64,128,0,0,0,255,0,128,0
30370,0,0,0,0,0,0,0,58,0,0,0,0,47,150,0,206,0,253,0,253,0
35712,0,0,0,0,255,64,0,191,0,0,0,0,0,255,0,255,0,64,0,255,0
14282,0,0,0,0,253,253,0,28,0,0,85,0,0,253,0,251,0,0,0,253,0
52039,0,0,0,0,0,253,0,0,0,0,253,0,0,16,0,106,0,0,0,0,0
55907,0,0,0,0,252,254,0,208,156,0,0,0,238,252,0,50,0,0,0,169,0
34958,0,0,0,0,88,249,0,0,0,0,4,0,0,220,0,155,0,0,0,252,0
28816,0,0,0,0,254,0,0,254,0,0,0,0,254,254,0,91,0,0,0,254,0
39346,0,0,0,0,0,0,0,233,0,0,0,0,85,195,0,0,0,252,0,252,0
1771,0,0,0,0,253,45,0,252,169,0,0,0,252,168,0,0,0,6,0,253,0
45383,0,0,0,0,66,253,0,229,253,0,68,0,144,241,0,0,0,0,0,170,0
42402,0,0,0,0,254,0,0,32,0,0,0,0,29,189,0,58,0,0,0,188,0
44333,0,0,0,0,29,113,0,161,252,0,179,0,252,243,0,122,0,0,48,114,0
20238,0,0,0,0,253,116,0,0,0,0,114,0,5,253,0,253,0,198,236,253,0
51167,0,0,0,0,251,253,0,251,0,0,131,0,251,251,0,126,0,0,253,251,0
633,0,0,0,0,7,196,0,61,253,0,253,0,0,231,0,148,0,0,201,58,0
28519,0,0,0,0,209,253,0,0,0,0,253,0,0,253,0,211,0,0,253,0,0
51978,0,0,0,0,252,0,0,252,71,0,6,0,144,252,0,41,0,0,0,210,0
21199,0,0,0,0,210,0,0,252,0,0,0,0,252,0,0,0,0,13,234,227,0
15454,0,0,0,0,121,0,0,5,0,0,0,0,38,252,0,179,0,252,0,252,0
25755,0,0,0,0,253,253,0,205,0,0,135,0,253,109,0,236,0,119,0,224,0
50026,0,0,0,0,10,0,0,0,0,0,0,0,0,0,0,243,0,0,0,200,0
7243,0,0,0,0,0,132,0,0,20,0,0,0,0,0,0,0,0,0,254,0,0
58916,0,0,0,0,253,0,0,252,0,0,0,0,253,252,0,0,0,242,0,253,0
22634,0,0,0,0,0,164,0,254,0,0,0,0,139,0,0,0,0,254,0,254,0
43811,0,0,0,0,0,226,0,0,38,0,0,0,0,0,0,0,0,0,254,0,0
709,0,0,0,0,246,252,0,161,150,0,255,0,252,253,0,252,0,0,0,0,0
6737,0,0,0,0,0,218,0,0,0,0,75,0,0,0,0,54,0,0,7,0,0
9439,0,0,0,0,53,253,0,236,253,0,65,0,93,253,0,0,0,0,26,124,0
28403,0,0,0,0,253,253,0,253,89,0,68,0,253,253,0,83,0,0,104,253,0
1775,0,0,0,0,253,231,0,252,47,0,0,0,252,252,0,0,0,0,0,217,0
17709,0,0,0,0,0,254,0,0,0,0,250,0,0,0,0,35,0,0,0,0,0
206,0,0,0,0,13,194,0,168,168,0,0,0,209,52,0,253,0,85,0,252,0
58866,0,0,0,0,254,41,0,0,65,0,84,0,0,254,0,254,0,5,0,0,0
5881,0,0,0,0,141,253,0,135,205,0,247,0,253,253,0,253,0,0,110,0,0
30939,0,0,0,0,0,253,0,0,73,0,253,0,0,0,0,0,0,0,0,0,0
14491,0,0,0,0,252,11,0,252,0,0,0,0,252,172,0,0,0,0,0,227,0
32952,0,0,0,0,105,83,0,0,0,0,0,0,5,210,0,244,0,0,46,0,0
53117,0,0,0,0,253,249,0,0,209,0,253,0,193,253,0,253,0,0,0,0,0
5932,0,0,0,0,149,0,0,0,0,0,253,0,100,0,0,253,0,0,26,0,0
37837,0,0,0,0,254,129,0,254,141,0,0,0,254,254,0,0,0,0,0,254,0
37261,0,0,0,0,253,253,0,0,95,0,253,0,69,253,0,253,0,0,253,11,0
20801,0,0,0,0,0,187,0,0,0,0,253,0,0,0,0,253,0,0,0,0,0
21526,0,0,0,0,252,126,0,214,112,0,0,0,106,252,0,25,0,0,0,252,0
52185,0,0,0,0,16,253,0,252,252,0,253,0,252,243,0,252,0,0,252,0,0
44363,0,0,0,0,0,48,0,84,0,0,253,0,253,38,0,101,0,0,253,0,0
26930,0,0,0,0,253,44,0,180,0,0,170,0,241,253,0,253,0,101,99,253,0
7934,0,0,0,0,91,0,0,171,5,0,30,0,254,172,0,48,0,0,0,64,0
2770,0,0,0,0,0,221,0,0,0,0,181,0,0,48,0,252,0,0,0,0,0
20334,0,0,0,0,91,152,0,253,132,0,21,0,252,0,0,0,0,82,0,122,0
55457,0,0,0,0,37,254,0,160,253,0,8,0,218,175,0,156,0,0,0,198,0
21766,0,0,0,0,190,76,0,76,254,0,254,0,184,254,0,254,0,0,152,0,0
33789,0,0,0,0,0,253,0,0,0,0,236,0,0,0,0,0,0,0,150,0,0
45384,0,0,0,0,253,237,0,196,130,0,0,0,128,253,0,206,0,0,0,244,0
31753,0,0,0,0,0,182,0,0,0,0,69,0,0,0,0,0,0,0,0,224,0
14276,0,0,0,0,254,0,0,0,0,0,0,0,0,0,0,134,0,0,0,186,0
8323,0,0,0,0,253,253,0,253,0,0,253,0,253,253,0,174,0,0,251,191,0
1956,0,0,0,0,227,253,0,253,0,0,251,0,253,253,0,0,0,0,246,0,0
55290,0,0,0,0,254,0,0,92,0,0,0,0,53,47,0,117,0,0,0,254,0
50480,0,0,0,0,157,0,0,0,0,0,0,0,0,0,0,36,0,0,0,0,0
4607,0,0,0,0,253,0,0,253,0,0,0,0,253,253,0,17,0,210,0,253,0
24225,0,0,0,0,252,252,0,245,0,0,253,0,42,253,0,253,0,0,253,0,0
33378,0,0,0,0,0,252,0,0,135,0,106,0,0,0,0,185,0,0,236,0,0
48742,0,0,0,0,172,0,0,253,253,0,118,0,175,0,0,0,0,0,0,0,0
36894,0,0,0,0,0,246,0,254,250,0,254,0,240,0,0,254,0,0,254,0,0
28079,0,0,0,0,252,252,0,252,0,0,0,0,252,253,0,213,0,170,0,252,0
47275,0,0,0,0,100,254,0,0,0,0,253,0,0,253,0,100,0,0,0,0,0
57020,0,0,0,0,0,0,0,253,27,0,0,0,156,0,0,253,0,213,0,253,0
47316,0,0,0,0,253,17,0,0,0,0,231,0,0,253,0,253,0,0,0,0,0
10691,0,0,0,0,194,253,0,183,247,0,197,0,157,253,0,0,0,0,10,0,0
47957,0,0,0,0,163,253,0,253,253,0,147,0,253,253,0,253,0,0,0,110,0
59795,0,0,0,0,253,253,0,0,240,0,211,0,34,253,0,253,0,0,0,114,0
5502,0,0,0,0,231,0,0,0,0,0,0,0,0,253,0,123,0,0,0,99,0
8354,0,0,0,0,253,0,0,0,0,0,7,0,0,253,0,253,0,0,0,226,0
46398,0,0,0,0,252,107,0,0,0,0,148,0,0,252,0,252,0,0,0,0,0
36447,0,0,0,0,246,252,0,200,0,0,0,0,0,253,0,168,0,0,0,245,0
55288,0,0,0,0,206,0,0,203,0,0,0,0,168,154,0,2,0,0,0,0,0
59487,0,0,0,0,241,222,0,253,153,0,0,0,210,253,0,253,0,31,0,253,0
51108,0,0,0,0,128,0,0,164,0,0,0,0,23,254,0,0,0,9,0,0,0
52593,0,0,0,0,253,125,0,240,0,0,0,0,96,253,0,253,0,0,4,253,0
17106,0,0,0,0,0,254,0,0,0,0,253,0,0,0,0,195,0,0,0,0,0
27281,0,0,0,0,28,20,0,250,0,0,0,0,250,181,0,0,0,46,0,0,0
42185,0,0,0,0,0,254,0,0,29,0,250,0,0,14,0,225,0,0,255,0,0
13734,0,0,0,0,235,0,0,243,0,0,0,0,244,126,0,0,0,0,0,198,0
30391,0,0,0,0,252,0,0,0,0,0,176,0,0,127,0,162,0,0,0,21,0
9695,0,0,0,0,251,251,0,221,18,0,0,0,65,253,0,251,0,117,0,251,0
43347,0,0,0,0,252,52,0,242,228,0,0,0,252,253,0,0,0,43,0,238,0
11948,0,0,0,0,252,0,0,0,0,0,0,0,0,185,0,253,0,0,0,183,0
24807,0,0,0,0,0,181,0,0,252,0,253,0,69,17,0,252,0,0,193,0,0
36371,0,0,0,0,253,253,0,253,11,0,253,0,253,214,0,0,0,0,54,0,0
45152,0,0,0,0,0,84,0,0,0,0,246,0,0,0,0,252,0,0,0,0,0
3391,0,0,0,0,191,254,0,254,0,0,0,0,211,75,0,0,0,0,0,190,0
57507,0,0,0,0,0,0,0,37,0,0,242,0,253,24,0,253,0,0,253,0,0
7589,0,0,0,0,0,235,0,0,104,0,199,0,0,0,0,0,0,0,0,0,0
27328,0,0,0,0,0,0,0,157,151,0,0,0,86,0,0,85,0,222,0,253,0
7286,0,0,0,0,253,253,0,65,13,0,6,0,0,253,0,0,0,0,0,131,0
7691,0,0,0,0,5,253,0,235,253,0,253,0,253,109,0,253,0,0,253,0,0
45349,0,0,0,0,252,45,0,252,3,0,0,0,228,252,0,62,0,0,0,252,0
11335,0,0,0,0,252,0,0,252,75,0,178,0,252,252,0,144,0,0,0,74,0
229,0,0,0,0,252,0,0,19,13,0,0,0,0,252,0,253,0,0,0,209,0
47202,0,0,0,0,253,158,0,249,43,0,0,0,140,253,0,36,0,0,0,242,0
51774,0,0,0,0,254,254,0,135,0,0,208,0,254,254,0,254,0,17,0,106,0
18278,0,0,0,0,253,127,0,222,0,0,0,0,0,166,0,67,0,0,0,68,0
40612,0,0,0,0,253,0,0,91,0,0,0,0,0,253,0,0,0,0,0,86,0
51845,0,0,0,0,233,47,0,252,112,0,0,0,252,6,0,0,0,0,0,88,0
46871,0,0,0,0,253,41,0,156,0,0,0,0,129,254,0,253,0,0,0,253,0
41296,0,0,0,0,0,254,0,250,80,0,151,0,243,151,0,202,0,0,0,0,0
209,0,0,0,0,217,0,0,214,0,0,0,0,152,195,0,143,0,76,0,252,0
59142,0,0,0,0,253,209,0,253,248,0,0,0,253,205,0,0,0,0,0,253,0
10261,0,0,0,0,252,253,0,252,0,0,253,0,252,252,0,252,0,0,252,0,0
54108,0,0,0,0,190,47,0,240,0,0,0,0,26,252,0,151,0,45,0,179,0
3492,0,0,0,0,31,251,0,173,0,0,0,0,0,253,0,253,0,253,0,251,0
33739,0,0,0,0,92,252,0,252,173,0,204,0,236,184,0,30,0,0,0,5,0
1963,0,0,0,0,254,250,0,250,212,0,250,0,252,250,0,252,0,0,231,232,0
39498,0,0,0,0,184,0,0,0,0,0,0,0,0,0,0,234,0,0,0,0,0
35905,0,0,0,0,0,0,0,0,58,0,162,0,39,14,0,195,0,0,171,0,0
49594,0,0,0,0,254,24,0,0,0,0,27,0,0,254,0,254,0,0,0,117,0
39823,0,0,0,0,42,178,0,180,253,0,0,0,69,254,0,0,0,0,0,253,0
46535,0,0,0,0,12,0,0,0,5,0,187,0,0,0,0,253,0,0,0,0,0
11022,0,0,0,0,0,253,0,0,0,0,252,0,0,0,0,146,0,0,11,0,0
17905,0,0,0,0,56,253,0,0,253,0,253,0,123,253,0,253,0,0,6,0,0
3067,0,0,0,0,0,254,0,169,252,0,240,0,253,215,0,0,0,0,172,0,0
49954,0,0,0,0,108,40,0,0,0,0,0,0,21,79,0,59,0,0,0,0,0
59557,0,0,0,0,166,0,0,253,249,0,0,0,253,88,0,238,0,11,0,253,0
7128,0,0,0,0,255,0,0,0,0,0,0,0,0,255,0,255,0,0,0,255,0
50944,0,0,0,0,0,253,0,0,0,0,30,0,0,0,0,21,0,0,105,0,0
55873,0,0,0,0,253,253,0,41,21,0,21,0,20,253,0,234,0,0,0,253,0
59847,0,0,0,0,156,252,0,62,0,0,191,0,71,252,0,232,0,0,253,0,0
54967,0,0,0,0,199,240,0,254,0,0,250,0,254,254,0,8,0,0,254,94,0
40043,0,0,0,0,10,253,0,0,0,0,253,0,0,56,0,191,0,0,176,0,0
28835,0,0,0,0,114,109,0,159,0,0,151,0,0,3,0,203,0,191,134,194,0
20010,0,0,0,0,31,0,0,0,0,0,0,0,0,251,0,253,0,251,0,251,0
25584,0,0,0,0,0,0,0,0,4,0,202,0,0,0,0,254,0,0,0,0,0
8172,0,0,0,0,35,240,0,180,252,0,0,0,27,182,0,143,0,0,0,252,0
38488,0,0,0,0,250,183,0,0,0,0,250,0,0,127,0,107,0,0,177,125,0
49150,0,0,0,0,95,0,0,36,0,0,0,0,63,252,0,73,0,145,0,252,0
42456,0,0,0,0,12,0,0,0,0,0,0,0,105,22,0,59,0,0,0,0,0
8089,0,0,0,0,253,241,0,253,65,0,253,0,253,253,0,253,0,73,218,180,0
30548,0,0,0,0,246,254,0,234,0,0,0,0,76,110,0,254,0,0,243,152,0
12839,0,0,0,0,253,0,0,252,62,0,0,0,253,252,0,0,0,73,0,253,0
43960,0,0,0,0,253,23,0,253,0,0,0,0,253,253,0,0,0,0,0,253,0
30668,0,0,0,0,251,114,0,251,225,0,254,0,225,254,0,253,0,0,169,138,0
32682,0,0,0,0,252,0,0,76,8,0,0,0,228,157,0,0,0,0,0,36,0
24011,0,0,0,0,149,253,0,236,91,0,217,0,140,253,0,0,0,0,0,124,0
18507,0,0,0,0,254,28,0,0,91,0,252,0,97,252,0,253,0,0,38,50,0
16178,0,0,0,0,241,211,0,0,0,0,0,0,0,186,0,254,0,0,0,184,0
596,0,0,0,0,253,222,0,0,0,0,0,0,0,253,0,231,0,9,0,253,0
29405,0,0,0,0,252,252,0,253,45,0,0,0,244,253,0,159,0,0,104,252,0
5286,0,0,0,0,252,0,0,0,0,0,54,0,78,253,0,252,0,0,0,0,0
25957,0,0,0,0,242,0,0,0,0,0,254,0,0,153,0,5,0,0,0,0,0
56419,0,0,0,0,0,253,0,0,51,0,60,0,0,0,0,249,0,0,0,0,0
36116,0,0,0,0,0,254,0,0,84,0,254,0,0,84,0,120,0,0,0,0,0
37822,0,0,0,0,0,0,0,0,0,0,195,0,0,0,0,31,0,0,0,0,0
1367,0,0,0,0,253,253,0,253,76,0,253,0,161,253,0,253,0,0,253,253,0
16439,0,0,0,0,253,201,0,246,253,0,0,0,226,171,0,253,0,0,0,75,0
7143,0,0,0,0,0,62,0,0,170,0,210,0,28,29,0,253,0,0,0,0,0
2914,0,0,0,0,253,253,0,0,57,0,253,0,83,253,0,226,0,0,0,0,0
48218,0,0,0,0,250,252,0,252,0,0,0,0,202,250,0,202,0,132,0,250,0
57162,0,0,0,0,251,83,0,126,67,0,159,0,62,253,0,253,0,0,0,31,0
43778,0,0,0,0,0,215,0,0,0,0,41,0,0,0,0,0,0,0,91,0,0
7135,0,0,0,0,244,254,0,254,254,0,92,0,128,254,0,0,0,0,0,18,0
39624,0,0,0,0,252,46,0,232,34,0,0,0,252,253,0,0,0,0,0,241,0
28296,0,0,0,0,13,0,0,28,0,0,38,0,0,85,0,228,0,0,0,38,0
56005,0,0,0,0,252,252,0,253,84,0,0,0,252,232,0,0,0,0,0,252,0
38411,0,0,0,0,252,0,0,183,252,0,0,0,209,252,0,253,0,0,0,100,0
13729,0,0,0,0,251,0,0,0,0,0,253,0,0,142,0,16,0,0,0,0,0
57486,0,0,0,0,14,8,0,0,0,0,163,0,0,0,0,0,0,0,0,0,0
25024,0,0,0,0,114,145,0,253,56,0,0,0,224,253,0,75,0,147,0,252,0
49883,0,0,0,0,6,16,0,236,0,0,0,0,56,44,0,91,0,224,0,253,0
47953,0,0,0,0,0,253,0,253,253,0,247,0,253,123,0,253,0,0,129,12,0
9459,0,0,0,0,0,254,0,252,252,0,0,0,253,172,0,0,0,0,0,252,0
4343,0,0,0,0,0,252,0,0,172,0,252,0,0,183,0,253,0,0,0,0,0
53537,0,0,0,0,145,199,0,0,32,0,253,0,74,81,0,253,0,0,0,0,0
6614,0,0,0,0,0,255,0,128,0,0,0,0,0,255,0,255,0,255,0,255,0
13217,0,0,0,0,0,172,0,254,35,0,254,0,254,208,0,111,0,0,254,0,0
17108,0,0,0,0,33,0,0,254,0,0,0,0,254,9,0,0,0,254,0,254,0
21508,0,0,0,0,4,0,0,0,0,0,70,0,0,0,0,226,0,0,0,0,0
25629,0,0,0,0,254,221,0,50,0,0,254,0,100,254,0,254,0,0,0,254,0
58275,0,0,0,0,252,252,0,252,235,0,252,0,240,252,0,48,0,0,252,107,0
46436,0,0,0,0,29,252,0,55,0,0,252,0,75,197,0,253,0,0,0,0,0
30955,0,0,0,0,0,254,0,0,0,0,254,0,0,0,0,254,0,0,0,0,0
32858,0,0,0,0,0,34,0,0,0,0,254,0,0,0,0,0,0,0,0,0,0
58035,0,0,0,0,252,201,0,252,163,0,252,0,252,252,0,96,0,0,13,0,0
56176,0,0,0,0,114,253,0,55,75,0,0,0,167,51,0,25,0,0,0,208,0
54649,0,0,0,0,252,42,0,0,189,0,255,0,0,253,0,252,0,0,0,0,0
23679,0,0,0,0,31,252,0,214,50,0,0,0,203,252,0,0,0,0,0,102,0
8469,0,0,0,0,254,251,0,254,0,0,251,0,253,251,0,253,0,0,253,0,0
41553,0,0,0,0,169,214,0,234,96,0,254,0,254,254,0,254,0,0,254,0,0
41807,0,0,0,0,4,147,0,254,0,0,0,0,147,128,0,0,0,0,1,0,0
23499,0,0,0,0,253,0,0,217,253,0,253,0,253,253,0,253,0,0,116,156,0
15156,0,0,0,0,238,0,0,160,0,0,0,0,21,254,0,37,0,7,0,254,0
36198,0,0,0,0,254,179,0,206,10,0,0,0,20,254,0,30,0,0,0,254,0
35717,0,0,0,0,21,253,0,0,5,0,49,0,0,65,0,253,0,0,0,0,0
5468,0,0,0,0,252,252,0,0,47,0,255,0,0,253,0,252,0,0,0,0,0
47452,0,0,0,0,0,82,0,0,0,0,253,0,37,0,0,253,0,0,23,0,0
28451,0,0,0,0,253,253,0,141,16,0,0,0,39,253,0,253,0,0,0,253,0
39407,0,0,0,0,9,246,0,253,0,0,255,0,252,253,0,252,0,0,252,0,0
38599,0,0,0,0,33,254,0,116,0,0,8,0,199,254,0,254,0,0,0,33,0
13497,0,0,0,0,253,253,0,253,253,0,231,0,253,254,0,0,0,0,246,20,0
59241,0,0,0,0,5,222,0,93,143,0,251,0,224,0,0,253,0,0,254,0,0
49306,0,0,0,0,170,9,0,0,0,0,0,0,0,172,0,254,0,0,0,171,0
35327,0,0,0,0,255,255,0,255,255,0,255,0,255,255,0,255,0,0,255,0,0
21573,0,0,0,0,249,254,0,57,252,0,0,0,0,252,0,0,0,0,0,151,0
28818,0,0,0,0,53,0,0,7,0,0,0,0,45,62,0,123,0,0,0,0,0
45112,0,0,0,0,132,47,0,253,91,0,48,0,226,57,0,0,0,0,0,13,0
19027,0,0,0,0,0,145,0,2,254,0,3,0,221,0,0,250,0,0,254,0,0
35473,0,0,0,0,19,255,0,0,253,0,252,0,98,244,0,252,0,0,0,0,0
12107,0,0,0,0,254,252,0,234,153,0,252,0,228,252,0,253,0,0,0,100,0
22225,0,0,0,0,251,158,0,251,251,0,39,0,251,251,0,251,0,0,0,251,0
57349,0,0,0,0,81,253,0,234,223,0,0,0,253,158,0,0,0,108,0,253,0
2084,0,0,0,0,251,0,0,156,108,0,222,0,250,253,0,253,0,7,0,0,0
19935,0,0,0,0,253,0,0,253,0,0,0,0,247,203,0,0,0,253,0,244,0
75,0,0,0,0,0,253,0,0,179,0,253,0,24,28,0,195,0,0,0,0,0
6615,0,0,0,0,247,253,0,253,26,0,194,0,198,253,0,0,0,0,76,32,0
2617,0,0,0,0,14,253,0,0,253,0,255,0,81,200,0,253,0,0,0,0,0
33661,0,0,0,0,0,255,0,0,64,0,0,0,0,191,0,255,0,0,0,255,0
7267,0,0,0,0,0,251,0,36,211,0,0,0,186,0,0,125,0,0,0,0,0
9687,0,0,0,0,250,250,0,30,0,0,240,0,250,252,0,160,0,250,0,250,0
30156,0,0,0,0,0,0,0,0,0,0,30,0,0,0,0,0,0,0,121,0,0
13833,0,0,0,0,42,253,0,243,253,0,0,0,222,163,0,0,0,0,0,244,0
26545,0,0,0,0,0,253,0,0,0,0,253,0,0,0,0,220,0,0,150,0,0
6591,0,0,0,0,0,247,0,0,0,0,253,0,0,0,0,232,0,0,84,0,0
40390,0,0,0,0,0,112,0,253,0,0,0,0,252,84,0,252,0,0,0,99,0
19203,0,0,0,0,0,253,0,0,79,0,253,0,0,99,0,168,0,0,0,0,0
16244,0,0,0,0,0,150,0,0,0,0,194,0,0,0,0,247,0,0,0,0,0
47923,0,0,0,0,0,254,0,35,0,0,254,0,206,180,0,254,0,0,199,0,0
14675,0,0,0,0,234,117,0,233,0,0,0,0,155,253,0,239,0,244,0,253,0
33647,0,0,0,0,253,226,0,253,0,0,0,0,253,253,0,144,0,0,0,135,0
24148,0,0,0,0,253,253,0,253,249,0,253,0,253,253,0,62,0,0,128,118,0
38231,0,0,0,0,57,253,0,253,254,0,197,0,251,169,0,254,0,0,0,196,0
40421,0,0,0,0,251,251,0,253,0,0,36,0,236,253,0,170,0,0,64,251,0
8540,0,0,0,0,0,50,0,0,0,0,0,0,0,0,0,0,0,0,154,0,0
8368,0,0,0,0,29,251,0,0,28,0,251,0,0,168,0,253,0,0,197,0,0
7025,0,0,0,0,253,114,0,224,253,0,0,0,253,228,0,0,0,0,0,254,0
16105,0,0,0,0,253,253,0,251,208,0,0,0,253,254,0,0,0,0,0,253,0
18471,0,0,0,0,2,253,0,243,226,0,253,0,220,53,0,186,0,0,253,0,0
9703,0,0,0,0,231,253,0,0,0,0,253,0,0,253,0,32,0,0,0,79,0
14649,0,0,0,0,0,0,0,0,0,0,0,0,0,251,0,253,0,253,0,251,0
28044,0,0,0,0,128,0,0,255,0,0,0,0,64,255,0,0,0,64,0,255,0
18232,0,0,0,0,84,0,0,253,0,0,0,0,198,253,0,56,0,253,0,253,0
30651,0,0,0,0,0,75,0,206,253,0,0,0,235,0,0,0,0,0,0,45,0
12421,0,0,0,0,0,180,0,79,179,0,252,0,252,59,0,253,0,0,191,0,0
34296,0,0,0,0,254,139,0,0,28,0,252,0,0,252,0,253,0,0,0,56,0
38501,0,0,0,0,247,253,0,205,11,0,254,0,253,254,0,254,0,0,62,0,0
5321,0,0,0,0,253,29,0,130,0,0,253,0,253,253,0,253,0,253,0,130,0
46412,0,0,0,0,0,202,0,0,0,0,51,0,0,0,0,250,0,0,0,88,0
34562,0,0,0,0,84,253,0,35,41,0,252,0,144,37,0,252,0,0,78,0,0
58897,0,0,0,0,195,0,0,228,0,0,0,0,253,252,0,0,0,253,0,225,0
4115,0,0,0,0,234,255,0,91,95,0,236,0,211,251,0,251,0,0,251,0,0
45218,0,0,0,0,182,250,0,137,120,0,0,0,0,183,0,250,0,250,0,250,0
23884,0,0,0,0,220,238,0,0,217,0,0,0,20,253,0,0,0,0,0,7,0
55922,0,0,0,0,0,172,0,30,20,0,253,0,203,21,0,212,0,0,51,0,0
48638,0,0,0,0,112,253,0,253,0,0,21,0,0,177,0,0,0,198,236,130,0
1372,0,0,0,0,252,13,0,196,227,0,253,0,130,253,0,253,0,0,0,148,0
30624,0,0,0,0,138,154,0,253,152,0,0,0,253,253,0,0,0,0,0,253,0
27023,0,0,0,0,0,101,0,254,179,0,0,0,148,121,0,7,0,0,0,138,0
26853,0,0,0,0,252,0,0,55,0,0,140,0,106,252,0,253,0,0,0,86,0
29560,0,0,0,0,252,0,0,44,0,0,22,0,42,184,0,138,0,0,0,0,0
30340,0,0,0,0,169,0,0,0,10,0,253,0,43,57,0,253,0,0,128,0,0
30849,0,0,0,0,18,197,0,3,16,0,94,0,3,15,0,253,0,0,0,141,0
53678,0,0,0,0,251,254,0,251,0,0,254,0,0,254,0,0,0,0,253,251,0
32564,0,0,0,0,0,240,0,254,4,0,0,0,241,0,0,0,0,204,0,34,0
997,0,0,0,0,0,247,0,122,215,0,251,0,254,166,0,254,0,0,254,0,0
6958,0,0,0,0,8,0,0,0,0,0,0,0,0,0,0,254,0,0,0,0,0
19726,0,0,0,0,120,0,0,0,0,0,243,0,0,0,0,137,0,0,14,0,0
38497,0,0,0,0,231,252,0,252,0,0,0,0,0,82,0,254,0,252,0,250,0
39463,0,0,0,0,254,250,0,60,10,0,250,0,150,250,0,252,0,211,231,252,0
40544,0,0,0,0,0,197,0,0,10,0,180,0,53,0,0,253,0,0,0,0,0
12205,0,0,0,0,69,253,0,212,220,0,253,0,253,239,0,234,0,0,243,0,0
3514,0,0,0,0,251,251,0,231,0,0,155,0,68,212,0,251,0,20,0,251,0
46746,0,0,0,0,48,0,0,3,0,0,0,0,0,250,0,182,0,104,0,0,0
38054,0,0,0,0,252,0,0,0,0,0,211,0,0,22,0,106,0,0,0,21,0
52135,0,0,0,0,51,123,0,254,0,0,252,0,223,212,0,0,0,0,253,0,0
38903,0,0,0,0,254,186,0,254,0,0,0,0,254,254,0,0,0,0,0,254,0
35012,0,0,0,0,209,0,0,0,0,0,0,0,0,254,0,213,0,0,0,197,0
44513,0,0,0,0,253,0,0,35,0,0,253,0,47,253,0,253,0,0,0,33,0
16031,0,0,0,0,27,165,0,84,252,0,239,0,252,155,0,252,0,0,252,0,0
32925,0,0,0,0,254,0,0,240,0,0,92,0,254,254,0,129,0,17,0,18,0
53932,0,0,0,0,253,246,0,12,17,0,253,0,102,253,0,253,0,0,0,0,0
9914,0,0,0,0,213,0,0,0,0,0,0,0,0,172,0,102,0,0,0,253,0
8098,0,0,0,0,44,253,0,180,13,0,0,0,214,182,0,253,0,0,0,239,0
33214,0,0,0,0,145,225,0,252,48,0,8,0,253,241,0,27,0,0,0,88,0
29706,0,0,0,0,179,254,0,0,0,0,254,0,0,77,0,254,0,0,0,33,0
19009,0,0,0,0,0,202,0,0,253,0,212,0,0,0,0,198,0,0,53,0,0
32459,0,0,0,0,0,240,0,179,89,0,253,0,253,174,0,253,0,0,253,0,0
21800,0,0,0,0,214,253,0,253,0,0,253,0,221,253,0,253,0,0,254,184,0
12456,0,0,0,0,0,227,0,0,118,0,254,0,0,0,0,253,0,0,0,0,0
43243,0,0,0,0,0,252,0,253,45,0,97,0,252,253,0,161,0,0,114,235,0
15901,0,0,0,0,253,253,0,253,199,0,80,0,253,253,0,146,0,0,169,45,0
16217,0,0,0,0,251,251,0,109,0,0,173,0,173,251,0,251,0,0,253,235,0
47722,0,0,0,0,42,0,0,237,22,0,0,0,69,233,0,0,0,147,0,128,0
9840,0,0,0,0,34,129,0,254,254,0,254,0,254,154,0,66,0,0,184,0,0
26836,0,0,0,0,254,0,0,212,0,0,0,0,105,254,0,229,0,166,0,184,0
47473,0,0,0,0,0,0,0,252,0,0,252,0,252,252,0,253,0,0,71,0,0
17466,0,0,0,0,0,141,0,0,0,0,0,0,226,0,0,0,0,0,0,255,0
35185,0,0,0,0,104,252,0,0,253,0,252,0,247,252,0,253,0,0,252,0,0
50151,0,0,0,0,17,253,0,0,253,0,213,0,0,210,0,253,0,0,39,0,0
34213,0,0,0,0,253,57,0,253,253,0,0,0,248,253,0,0,0,0,0,127,0
19584,0,0,0,0,149,0,0,0,0,0,217,0,0,0,0,253,0,0,0,0,0
48895,0,0,0,0,138,253,0,221,199,0,104,0,253,253,0,253,0,97,0,0,0
51866,0,0,0,0,24,0,0,152,76,0,0,0,61,139,0,25,0,127,0,253,0
10916,0,0,0,0,252,252,0,252,0,0,0,0,35,252,0,129,0,231,224,252,0
5074,0,0,0,0,250,41,0,126,83,0,0,0,250,252,0,28,0,15,0,208,0
43074,0,0,0,0,253,253,0,169,83,0,0,0,57,253,0,0,0,0,29,84,0
26686,0,0,0,0,0,141,0,60,253,0,9,0,244,15,0,253,0,0,196,0,0
44883,0,0,0,0,0,255,0,0,141,0,226,0,0,0,0,86,0,0,86,0,0
59267,0,0,0,0,172,77,0,0,177,0,254,0,171,190,0,254,0,0,255,0,0
7325,0,0,0,0,0,95,0,197,253,0,0,0,88,0,0,0,0,0,0,0,0
11003,0,0,0,0,0,253,0,253,202,0,129,0,253,15,0,223,0,0,26,124,0
21658,0,0,0,0,0,182,0,0,0,0,253,0,234,0,0,156,0,0,120,0,0
23273,0,0,0,0,253,252,0,252,0,0,206,0,252,252,0,253,0,6,252,253,0
27638,0,0,0,0,254,0,0,0,0,0,254,0,0,254,0,254,0,0,0,0,0
36269,0,0,0,0,42,252,0,0,5,0,253,0,0,20,0,252,0,0,0,36,0
34073,0,0,0,0,0,204,0,249,115,0,253,0,150,207,0,134,0,0,25,0,0
56450,0,0,0,0,254,192,0,186,0,0,0,0,254,254,0,0,0,0,0,254,0
5154,0,0,0,0,253,243,0,253,0,0,253,0,253,253,0,162,0,0,253,51,0
20088,0,0,0,0,0,253,0,0,0,0,0,0,0,0,0,0,0,0,254,0,0
17503,0,0,0,0,14,232,0,247,0,0,0,0,16,119,0,0,0,0,19,249,0
19547,0,0,0,0,251,251,0,253,142,0,73,0,251,253,0,251,0,11,109,251,0
6791,0,0,0,0,0,220,0,0,20,0,255,0,0,19,0,108,0,0,0,0,0
25542,0,0,0,0,208,0,0,19,0,0,0,0,0,195,0,253,0,252,0,197,0
23104,0,0,0,0,253,212,0,5,0,0,0,0,0,253,0,253,0,76,204,253,0
18247,0,0,0,0,181,253,0,0,0,0,252,0,253,0,0,25,0,0,0,0,0
49621,0,0,0,0,0,255,0,0,255,0,255,0,255,64,0,255,0,0,128,0,0
48929,0,0,0,0,253,205,0,218,253,0,253,0,112,253,0,253,0,0,244,0,0
28771,0,0,0,0,0,253,0,0,45,0,227,0,0,25,0,104,0,0,73,0,0
45952,0,0,0,0,0,254,0,0,0,0,254,0,0,0,0,253,0,0,0,0,0
51573,0,0,0,0,253,0,0,253,26,0,119,0,253,253,0,83,0,0,0,208,0
4588,0,0,0,0,158,252,0,0,242,0,148,0,0,253,0,252,0,0,0,21,0
24024,0,0,0,0,252,54,0,203,13,0,0,0,159,253,0,0,0,0,0,244,0
11304,0,0,0,0,113,253,0,0,0,0,0,0,0,253,0,232,0,253,0,90,0
30413,0,0,0,0,253,0,0,253,3,0,0,0,253,253,0,32,0,3,0,218,0
33157,0,0,0,0,49,253,0,253,0,0,57,0,253,253,0,104,0,0,253,106,0
15777,0,0,0,0,16,253,0,253,0,0,123,0,253,253,0,0,0,0,216,202,0
30455,0,0,0,0,0,254,0,253,155,0,103,0,223,250,0,0,0,0,147,81,0
11330,0,0,0,0,204,0,0,120,0,0,0,0,0,253,0,252,0,145,0,252,0
11403,0,0,0,0,75,253,0,52,253,0,254,0,206,254,0,253,0,0,120,0,0
28274,0,0,0,0,0,0,0,250,0,0,0,0,227,160,0,186,0,253,0,238,0
30275,0,0,0,0,165,0,0,252,0,0,0,0,252,163,0,0,0,198,0,252,0
42091,0,0,0,0,0,253,0,145,253,0,253,0,253,50,0,253,0,0,250,0,0
57420,0,0,0,0,253,10,0,0,0,0,38,0,0,85,0,252,0,0,0,84,0
41122,0,0,0,0,0,14,0,0,0,0,213,0,0,0,0,36,0,0,0,0,0
37059,0,0,0,0,253,253,0,254,213,0,254,0,253,254,0,0,0,0,254,247,0
11029,0,0,0,0,253,253,0,253,234,0,156,0,253,253,0,20,0,0,0,152,0
19760,0,0,0,0,253,0,0,103,0,0,148,0,104,171,0,253,0,0,0,0,0
25460,0,0,0,0,179,133,0,216,49,0,0,0,176,184,0,152,0,0,0,253,0
4655,0,0,0,0,251,175,0,115,45,0,156,0,173,253,0,251,0,222,19,251,0
59043,0,0,0,0,7,253,0,205,142,0,0,0,159,169,0,25,0,0,0,253,0
47078,0,0,0,0,72,0,0,18,0,0,4,0,36,147,0,214,0,37,0,23,0
6967,0,0,0,0,252,252,0,252,252,0,252,0,252,246,0,255,0,252,0,122,0
21097,0,0,0,0,255,255,0,255,0,0,0,0,255,255,0,0,0,0,0,255,0
7728,0,0,0,0,223,254,0,67,62,0,69,0,0,234,0,254,0,0,0,4,0
59755,0,0,0,0,0,253,0,0,70,0,253,0,253,107,0,253,0,0,47,0,0
26308,0,0,0,0,141,0,0,253,205,0,0,0,252,170,0,11,0,0,0,232,0
7709,0,0,0,0,251,253,0,253,52,0,254,0,253,254,0,253,0,0,230,0,0
55593,0,0,0,0,253,253,0,253,0,0,253,0,251,253,0,254,0,0,0,0,0
20947,0,0,0,0,0,0,0,0,252,0,253,0,123,0,0,252,0,0,254,0,0
17133,0,0,0,0,252,252,0,253,0,0,18,0,252,253,0,0,0,0,169,201,0
2101,0,0,0,0,241,253,0,0,44,0,252,0,0,234,0,0,0,0,0,0,0
8687,0,0,0,0,251,0,0,31,251,0,253,0,251,251,0,251,0,142,0,188,0
48578,0,0,0,0,252,144,0,222,71,0,0,0,253,195,0,0,0,0,0,252,0
56352,0,0,0,0,68,116,0,0,0,0,120,0,0,0,0,0,0,0,187,0,0
33302,0,0,0,0,254,251,0,254,84,0,0,0,197,251,0,253,0,0,0,226,0
1682,0,0,0,0,163,0,0,0,0,0,253,0,63,253,0,55,0,179,0,0,0
5327,0,0,0,0,0,253,0,0,8,0,253,0,156,127,0,253,0,0,0,0,0
16598,0,0,0,0,213,253,0,203,193,0,0,0,252,151,0,52,0,21,0,233,0
35431,0,0,0,0,202,253,0,253,143,0,80,0,253,253,0,60,0,0,15,89,0
46661,0,0,0,0,158,144,0,235,233,0,253,0,253,228,0,253,0,0,131,0,0
47186,0,0,0,0,46,253,0,0,55,0,236,0,9,156,0,253,0,0,0,0,0
45307,0,0,0,0,128,0,0,252,0,0,0,0,252,252,0,0,0,74,0,252,0
17048,0,0,0,0,255,0,0,0,0,0,0,0,0,255,0,255,0,0,0,0,0
8093,0,0,0,0,0,0,0,0,0,0,128,0,0,255,0,255,0,255,0,128,0
17223,0,0,0,0,251,254,0,254,0,0,229,0,254,254,0,50,0,0,164,150,0
27633,0,0,0,0,141,214,0,12,144,0,253,0,210,253,0,253,0,0,121,0,0
11217,0,0,0,0,134,0,0,253,111,0,0,0,253,253,0,142,0,253,0,253,0
13029,0,0,0,0,107,217,0,252,83,0,255,0,250,252,0,140,0,0,250,0,0
9204,0,0,0,0,69,0,0,232,0,0,0,0,0,25,0,17,0,43,0,147,0
17187,0,0,0,0,254,254,0,201,0,0,0,0,14,254,0,155,0,0,136,141,0
54689,0,0,0,0,63,253,0,241,168,0,252,0,253,37,0,252,0,0,232,0,0
33947,0,0,0,0,0,252,0,253,252,0,253,0,161,70,0,138,0,0,9,0,0
40208,0,0,0,0,181,0,0,185,0,0,173,0,168,237,0,0,0,60,253,209,0
36168,0,0,0,0,231,0,0,0,0,0,0,0,0,217,0,254,0,0,0,78,0
28746,0,0,0,0,202,74,0,0,0,0,83,0,0,114,0,253,0,0,0,0,0
7281,0,0,0,0,253,231,0,252,252,0,252,0,73,252,0,0,0,0,252,175,0
51375,0,0,0,0,244,0,0,65,0,0,0,0,143,184,0,169,0,0,0,252,0
49197,0,0,0,0,0,128,0,252,0,0,252,0,255,210,0,151,0,0,252,0,0
40218,0,0,0,0,3,61,0,0,4,0,0,0,2,24,0,254,0,0,0,16,0
21242,0,0,0,0,253,101,0,0,0,0,13,0,0,253,0,222,0,233,0,253,0
21256,0,0,0,0,117,0,0,0,0,0,196,0,0,36,0,0,0,0,0,0,0
21142,0,0,0,0,254,0,0,197,0,0,39,0,172,227,0,58,0,0,0,2,0
56662,0,0,0,0,252,0,0,238,0,0,252,0,252,247,0,0,0,0,253,19,0
33330,0,0,0,0,144,38,0,0,0,0,0,0,0,6,0,249,0,35,0,253,0
19979,0,0,0,0,102,0,0,180,0,0,0,0,150,253,0,226,0,253,0,253,0
32399,0,0,0,0,0,253,0,253,196,0,253,0,0,57,0,251,0,0,254,168,0
52105,0,0,0,0,0,0,0,254,0,0,223,0,223,252,0,0,0,0,253,0,0
3849,0,0,0,0,89,226,0,0,38,0,168,0,0,157,0,202,0,0,0,50,0
16474,0,0,0,0,0,8,0,0,0,0,0,0,0,0,0,205,0,0,0,156,0
48200,0,0,0,0,252,0,0,0,0,0,223,0,0,253,0,28,0,0,0,84,0
45857,0,0,0,0,249,254,0,120,137,0,254,0,216,253,0,187,0,0,22,0,0
39890,0,0,0,0,0,253,0,192,131,0,253,0,255,41,0,203,0,0,214,0,0
27280,0,0,0,0,98,212,0,253,0,0,0,0,103,12,0,0,0,0,0,253,0
56388,0,0,0,0,122,0,0,0,234,0,0,0,20,40,0,153,0,0,0,0,0
13962,0,0,0,0,255,0,0,255,64,0,0,0,255,255,0,0,0,0,0,0,0
16607,0,0,0,0,252,190,0,0,112,0,0,0,31,252,0,252,0,0,0,223,0
6446,0,0,0,0,254,0,0,0,0,0,249,0,0,167,0,0,0,0,0,0,0
16523,0,0,0,0,226,0,0,0,203,0,0,0,0,90,0,253,0,0,0,253,0
2009,0,0,0,0,253,253,0,253,83,0,253,0,254,253,0,56,0,0,141,253,0
8108,0,0,0,0,202,254,0,250,221,0,0,0,252,250,0,202,0,0,0,169,0
52865,0,0,0,0,64,251,0,126,165,0,0,0,55,128,0,253,0,0,0,251,0
27580,0,0,0,0,253,165,0,53,0,0,0,0,5,181,0,253,0,0,0,209,0
4108,0,0,0,0,3,143,0,114,7,0,37,0,67,3,0,254,0,0,0,0,0
2147,0,0,0,0,253,0,0,229,0,0,156,0,227,232,0,253,0,38,0,253,0
46680,0,0,0,0,0,0,0,92,0,0,0,0,0,42,0,0,0,191,0,0,0
38042,0,0,0,0,141,253,0,109,199,0,0,0,253,32,0,0,0,200,0,253,0
9473,0,0,0,0,252,252,0,0,242,0,253,0,242,253,0,253,0,0,0,0,0
51006,0,0,0,0,24,0,0,253,0,0,8,0,249,0,0,0,0,164,63,59,0
17360,0,0,0,0,0,0,0,0,0,0,225,0,14,0,0,254,0,0,0,0,0
28840,0,0,0,0,47,72,0,0,0,0,46,0,0,144,0,144,0,0,252,0,0
36351,0,0,0,0,253,253,0,253,253,0,250,0,253,253,0,174,0,0,29,11,0
58454,0,0,0,0,253,81,0,253,91,0,0,0,255,253,0,0,0,0,0,253,0
24151,0,0,0,0,225,252,0,0,203,0,253,0,0,121,0,189,0,0,229,0,0
29520,0,0,0,0,50,216,0,0,13,0,253,0,0,0,0,241,0,0,0,0,0
53353,0,0,0,0,214,252,0,254,253,0,223,0,253,252,0,172,0,0,21,0,0
9440,0,0,0,0,48,0,0,0,17,0,0,0,106,121,0,0,0,200,0,53,0
27332,0,0,0,0,253,253,0,253,56,0,85,0,198,253,0,251,0,0,0,84,0
56239,0,0,0,0,205,37,0,14,0,0,0,0,14,199,0,199,0,10,0,253,0
40817,0,0,0,0,248,253,0,253,0,0,6,0,253,253,0,0,0,0,33,135,0
47820,0,0,0,0,198,0,0,0,0,0,0,0,0,255,0,255,0,0,0,226,0
9296,0,0,0,0,253,253,0,161,251,0,0,0,74,254,0,0,0,0,0,253,0
58402,0,0,0,0,58,0,0,0,0,0,254,0,0,0,0,247,0,0,0,0,0
38025,0,0,0,0,107,0,0,254,14,0,0,0,254,22,0,45,0,32,0,244,0
24034,0,0,0,0,253,29,0,0,0,0,253,0,0,253,0,253,0,0,0,0,0
16085,0,0,0,0,252,253,0,252,215,0,68,0,253,252,0,0,0,0,73,252,0
10781,0,0,0,0,252,76,0,196,243,0,123,0,226,252,0,252,0,0,0,196,0
4656,0,0,0,0,243,0,0,135,0,0,3,0,196,254,0,0,0,0,0,0,0
49561,0,0,0,0,0,54,0,254,182,0,203,0,254,229,0,0,0,0,185,3,0
29809,0,0,0,0,248,253,0,251,83,0,0,0,240,251,0,173,0,0,0,251,0
42664,0,0,0,0,0,252,0,0,0,0,137,0,0,0,0,0,0,0,0,0,0
42045,0,0,0,0,253,236,0,225,208,0,238,0,253,151,0,179,0,8,176,253,0
55622,0,0,0,0,43,0,0,0,0,0,253,0,0,93,0,206,0,0,0,0,0
40486,0,0,0,0,37,0,0,0,0,0,0,0,0,0,0,253,0,0,0,125,0
51865,0,0,0,0,255,128,0,0,0,0,0,0,0,255,0,191,0,0,0,128,0
31778,0,0,0,0,0,0,0,128,128,0,255,0,255,255,0,255,0,0,0,0,0
50909,0,0,0,0,0,253,0,0,253,0,253,0,5,0,0,253,0,0,18,0,0
26117,0,0,0,0,251,254,0,251,114,0,0,0,253,254,0,114,0,114,57,251,0
39683,0,0,0,0,0,253,0,0,0,0,251,0,0,0,0,0,0,0,202,0,0
18208,0,0,0,0,255,255,0,255,141,0,0,0,255,255,0,0,0,0,0,255,0
42896,0,0,0,0,42,0,0,0,0,0,56,0,0,0,0,253,0,0,0,0,0
1645,0,0,0,0,156,252,0,253,242,0,0,0,252,253,0,0,0,0,0,252,0
11701,0,0,0,0,119,253,0,0,99,0,223,0,227,247,0,253,0,0,253,0,0
35039,0,0,0,0,171,253,0,253,232,0,40,0,253,253,0,253,0,0,74,161,0
53360,0,0,0,0,254,125,0,0,0,0,6,0,0,198,0,243,0,0,0,251,0
57491,0,0,0,0,0,215,0,0,0,0,253,0,40,195,0,253,0,0,54,0,0
34839,0,0,0,0,172,154,0,251,0,0,253,0,253,4,0,211,0,0,253,0,0
6802,0,0,0,0,0,0,0,254,0,0,0,0,171,254,0,0,0,218,0,222,0
44768,0,0,0,0,198,253,0,0,0,0,236,0,0,247,0,245,0,0,62,0,0
49268,0,0,0,0,255,255,0,255,0,0,0,0,0,255,0,255,0,255,0,255,0
10755,0,0,0,0,0,151,0,253,135,0,253,0,151,253,0,67,0,0,203,0,0
53073,0,0,0,0,254,23,0,210,234,0,20,0,243,254,0,0,0,0,0,212,0
30948,0,0,0,0,63,38,0,0,0,0,252,0,0,0,0,252,0,0,0,0,0
49214,0,0,0,0,164,247,0,155,252,0,0,0,167,0,0,163,0,0,0,252,0
33923,0,0,0,0,145,20,0,5,62,0,252,0,0,181,0,252,0,0,191,0,0
1995,0,0,0,0,253,253,0,253,0,0,114,0,253,253,0,209,0,198,236,253,0
39848,0,0,0,0,253,185,0,0,0,0,149,0,0,253,0,219,0,178,0,253,0
23131,0,0,0,0,252,252,0,252,252,0,107,0,252,212,0,0,0,0,253,252,0
55366,0,0,0,0,0,188,0,69,9,0,252,0,252,0,0,253,0,0,181,0,0
53212,0,0,0,0,253,253,0,253,229,0,226,0,253,254,0,0,0,0,121,253,0
57634,0,0,0,0,129,0,0,246,0,0,0,0,94,70,0,0,0,29,0,240,0
34706,0,0,0,0,254,254,0,0,0,0,158,0,0,233,0,183,0,7,0,254,0
11639,0,0,0,0,33,25,0,106,91,0,253,0,195,163,0,253,0,0,253,0,0
30807,0,0,0,0,114,253,0,8,161,0,194,0,65,253,0,253,0,0,0,69,0
26840,0,0,0,0,217,0,0,199,13,0,0,0,106,252,0,253,0,252,0,252,0
19857,0,0,0,0,253,253,0,45,76,0,234,0,161,253,0,253,0,0,0,0,0
26262,0,0,0,0,255,255,0,128,255,0,255,0,255,255,0,255,0,0,255,0,0
17462,0,0,0,0,120,87,0,220,0,0,0,0,195,252,0,245,0,252,0,223,0
14472,0,0,0,0,15,91,0,197,0,0,0,0,124,0,0,0,0,28,0,204,0
53355,0,0,0,0,134,237,0,254,0,0,5,0,253,248,0,0,0,0,0,208,0
15311,0,0,0,0,19,253,0,0,254,0,0,0,0,209,0,254,0,0,0,0,0
48574,0,0,0,0,24,0,0,133,0,0,0,0,63,216,0,3,0,71,0,254,0
37841,0,0,0,0,65,253,0,50,0,0,148,0,166,98,0,253,0,0,0,53,0
4181,0,0,0,0,224,253,0,54,123,0,253,0,253,253,0,253,0,0,116,33,0
7648,0,0,0,0,253,0,0,0,43,0,21,0,20,171,0,253,0,0,0,0,0
33945,0,0,0,0,0,255,0,128,64,0,255,0,0,0,0,255,0,0,255,0,0
53118,0,0,0,0,253,0,0,253,0,0,0,0,253,244,0,2,0,0,0,253,0
8253,0,0,0,0,225,226,0,253,253,0,76,0,250,146,0,253,0,81,0,227,0
50407,0,0,0,0,7,253,0,198,253,0,0,0,253,57,0,0,0,0,0,95,0
25567,0,0,0,0,225,252,0,239,0,0,0,0,204,0,0,252,0,127,0,252,0
37224,0,0,0,0,0,255,0,255,255,0,255,0,255,64,0,255,0,0,255,0,0
28317,0,0,0,0,252,253,0,0,18,0,253,0,65,252,0,252,0,0,0,0,0
45817,0,0,0,0,0,255,0,255,255,0,255,0,255,191,0,128,0,0,64,0,0
45434,0,0,0,0,253,213,0,198,209,0,0,0,253,251,0,0,0,0,0,156,0
48727,0,0,0,0,0,253,0,253,196,0,253,0,254,197,0,0,0,0,254,56,0
15928,0,0,0,0,253,186,0,177,253,0,121,0,253,254,0,65,0,0,0,0,0
56570,0,0,0,0,252,144,0,0,0,0,37,0,0,232,0,252,0,0,0,97,0
51797,0,0,0,0,0,254,0,17,253,0,254,0,253,166,0,79,0,0,96,0,0
57685,0,0,0,0,195,245,0,169,0,0,0,0,23,254,0,0,0,0,0,122,0
39306,0,0,0,0,253,253,0,231,1,0,37,0,144,221,0,0,0,0,0,20,0
8019,0,0,0,0,253,253,0,208,0,0,75,0,85,254,0,253,0,11,151,242,0
58784,0,0,0,0,115,146,0,188,226,0,0,0,178,242,0,100,0,0,0,243,0
35982,0,0,0,0,253,12,0,0,15,0,254,0,0,254,0,248,0,0,0,0,0
57092,0,0,0,0,253,253,0,253,253,0,236,0,253,253,0,0,0,0,0,27,0
28546,0,0,0,0,255,255,0,0,0,0,0,0,0,255,0,255,0,64,0,255,0
18909,0,0,0,0,213,253,0,249,208,0,0,0,248,254,0,0,0,0,0,123,0
30170,0,0,0,0,0,94,0,0,0,0,0,0,42,0,0,253,0,0,0,0,0
3884,0,0,0,0,0,13,0,0,0,0,34,0,0,0,0,254,0,0,0,0,0
52655,0,0,0,0,0,244,0,36,65,0,254,0,254,30,0,254,0,0,13,0,0
43445,0,0,0,0,253,253,0,56,253,0,0,0,221,252,0,253,0,0,0,56,0
41077,0,0,0,0,253,0,0,24,0,0,0,0,0,253,0,192,0,0,0,253,0
16961,0,0,0,0,0,83,0,0,0,0,188,0,0,0,0,88,0,0,196,0,0
49622,0,0,0,0,0,0,0,10,0,0,0,0,6,0,0,26,0,0,0,219,0
30706,0,0,0,0,254,0,0,0,0,0,202,0,0,222,0,7,0,0,0,18,0
15734,0,0,0,0,255,255,0,128,0,0,255,0,64,255,0,255,0,255,0,255,0
5888,0,0,0,0,0,206,0,0,0,0,34,0,18,0,0,190,0,0,0,0,0
32160,0,0,0,0,252,55,0,0,0,0,0,0,13,188,0,241,0,0,0,91,0
22777,0,0,0,0,253,213,0,183,0,0,21,0,162,253,0,51,0,0,203,213,0
4855,0,0,0,0,255,0,0,170,0,0,0,0,86,255,0,86,0,0,0,255,0
156,0,0,0,0,252,101,0,169,0,0,0,0,253,168,0,0,0,0,0,96,0
27089,0,0,0,0,250,250,0,252,0,0,0,0,250,105,0,28,0,113,170,250,0
56,0,0,0,0,253,253,0,14,0,0,0,0,119,254,0,214,0,0,0,253,0
49304,0,0,0,0,252,254,0,252,0,0,0,0,253,252,0,0,0,252,0,252,0
35463,0,0,0,0,154,187,0,205,253,0,249,0,253,252,0,203,0,0,184,0,0
49835,0,0,0,0,9,21,0,0,0,0,23,0,0,0,0,161,0,0,0,0,0
45476,0,0,0,0,253,0,0,93,253,0,42,0,173,253,0,253,0,0,0,244,0
3128,0,0,0,0,253,0,0,0,0,0,0,0,0,253,0,253,0,0,0,8,0
48412,0,0,0,0,254,254,0,254,0,0,0,0,0,254,0,110,0,0,254,254,0
50629,0,0,0,0,190,38,0,0,3,0,39,0,0,95,0,254,0,0,0,243,0
47167,0,0,0,0,8,253,0,12,0,0,253,0,253,233,0,253,0,0,247,0,0
8304,0,0,0,0,81,144,0,0,0,0,0,0,0,150,0,253,0,0,0,226,0
43266,0,0,0,0,253,47,0,0,0,0,104,0,0,213,0,167,0,0,0,75,0
35775,0,0,0,0,0,254,0,0,134,0,253,0,0,0,0,69,0,0,0,0,0
40412,0,0,0,0,199,254,0,0,0,0,0,0,0,254,0,254,0,235,0,254,0
48479,0,0,0,0,120,106,0,241,0,0,0,0,226,13,0,20,0,0,0,253,0
47096,0,0,0,0,155,0,0,102,45,0,0,0,115,130,0,184,0,0,0,183,0
15868,0,0,0,0,19,0,0,0,0,0,253,0,0,0,0,168,0,0,0,0,0
7629,0,0,0,0,73,253,0,253,253,0,253,0,253,253,0,253,0,0,253,0,0
17376,0,0,0,0,246,0,0,163,5,0,187,0,198,253,0,179,0,0,0,0,0
42649,0,0,0,0,253,253,0,253,0,0,211,0,253,253,0,253,0,0,228,253,0
29378,0,0,0,0,83,0,0,217,253,0,214,0,25,25,0,0,0,0,105,0,0
7052,0,0,0,0,0,0,0,0,106,0,0,0,0,200,0,232,0,249,0,253,0
44558,0,0,0,0,51,43,0,0,0,0,252,0,0,0,0,55,0,0,0,0,0
33835,0,0,0,0,0,253,0,0,0,0,253,0,0,0,0,253,0,0,32,0,0
4239,0,0,0,0,0,110,0,0,0,0,253,0,0,0,0,253,0,0,0,0,0
55115,0,0,0,0,246,253,0,253,253,0,236,0,253,253,0,0,0,0,248,199,0
49575,0,0,0,0,0,207,0,252,252,0,206,0,217,1,0,0,0,0,120,0,0
1076,0,0,0,0,246,0,0,0,0,0,254,0,0,0,0,153,0,0,0,0,0
23013,0,0,0,0,173,254,0,254,0,0,254,0,219,254,0,159,0,0,254,0,0
45589,0,0,0,0,0,252,0,0,0,0,253,0,0,0,0,225,0,0,0,0,0
29478,0,0,0,0,0,0,0,127,0,0,0,0,36,0,0,0,0,0,0,102,0
51627,0,0,0,0,59,0,0,0,0,0,173,0,0,253,0,253,0,187,0,58,0
31661,0,0,0,0,252,254,0,171,0,0,0,0,151,252,0,0,0,252,0,169,0
114,0,0,0,0,252,252,0,252,5,0,0,0,128,253,0,71,0,147,0,252,0
6970,0,0,0,0,252,253,0,0,0,0,252,0,0,203,0,253,0,0,253,195,0
29578,0,0,0,0,227,137,0,137,0,0,0,0,118,253,0,159,0,0,0,184,0
18564,0,0,0,0,164,27,0,14,236,0,0,0,0,209,0,252,0,0,0,154,0
33023,0,0,0,0,23,252,0,253,84,0,253,0,252,222,0,86,0,0,253,6,0
44325,0,0,0,0,174,99,0,8,253,0,223,0,253,253,0,253,0,0,0,0,0
1102,0,0,0,0,40,0,0,42,26,0,0,0,0,88,0,0,0,50,0,133,0
32086,0,0,0,0,253,217,0,212,0,0,76,0,238,253,0,220,0,0,0,75,0
22912,0,0,0,0,75,193,0,250,0,0,0,0,11,12,0,8,0,10,0,127,0
48023,0,0,0,0,138,253,0,0,72,0,253,0,2,253,0,253,0,0,0,58,0
23809,0,0,0,0,0,253,0,253,253,0,254,0,253,42,0,13,0,0,241,94,0
3888,0,0,0,0,244,150,0,99,0,0,0,0,57,208,0,0,0,0,0,101,0
49389,0,0,0,0,49,253,0,34,154,0,253,0,206,251,0,253,0,0,29,0,0
56530,0,0,0,0,0,0,0,0,0,0,96,0,0,0,0,0,0,0,0,0,0
15675,0,0,0,0,171,252,0,252,108,0,0,0,217,252,0,0,0,0,181,217,0
26139,0,0,0,0,253,253,0,7,78,0,253,0,25,232,0,253,0,0,0,60,0
35348,0,0,0,0,156,149,0,228,0,0,157,0,254,254,0,254,0,139,0,36,0
57115,0,0,0,0,0,253,0,0,253,0,253,0,110,76,0,253,0,0,118,0,0
38110,0,0,0,0,253,36,0,0,0,0,131,0,0,237,0,253,0,0,0,60,0
28965,0,0,0,0,123,254,0,254,0,0,105,0,167,254,0,1,0,0,22,67,0
4629,0,0,0,0,251,251,0,142,0,0,73,0,62,251,0,251,0,6,73,251,0
51404,0,0,0,0,176,0,0,0,0,0,185,0,0,0,0,240,0,0,0,0,0
17838,0,0,0,0,243,0,0,200,254,0,34,0,119,234,0,248,0,34,0,202,0
11526,0,0,0,0,253,0,0,211,0,0,0,0,145,253,0,130,0,32,0,253,0
59952,0,0,0,0,0,0,0,234,112,0,238,0,142,10,0,67,0,0,126,0,0
11060,0,0,0,0,214,212,0,102,151,0,252,0,213,252,0,253,0,0,21,0,0
28286,0,0,0,0,251,180,0,0,200,0,253,0,25,251,0,251,0,0,0,142,0
27322,0,0,0,0,253,10,0,45,253,0,253,0,161,253,0,253,0,0,183,0,0
53936,0,0,0,0,243,252,0,0,0,0,253,0,0,252,0,252,0,0,0,0,0
18042,0,0,0,0,185,0,0,0,0,0,253,0,43,0,0,233,0,0,0,0,0
52095,0,0,0,0,97,148,0,154,0,0,251,0,136,165,0,0,0,0,211,0,0
54445,0,0,0,0,191,255,0,0,0,0,255,0,0,128,0,255,0,0,0,0,0
56857,0,0,0,0,30,23,0,0,0,0,253,0,0,0,0,227,0,0,8,0,0
23598,0,0,0,0,149,0,0,0,0,0,0,0,0,19,0,223,0,0,0,164,0
25757,0,0,0,0,50,2,0,106,0,0,0,0,177,0,0,224,0,253,0,253,0
7305,0,0,0,0,0,37,0,254,254,0,145,0,217,0,0,0,0,0,0,0,0
15191,0,0,0,0,253,254,0,0,0,0,0,0,0,69,0,217,0,0,232,253,0
49085,0,0,0,0,27,253,0,252,252,0,253,0,252,252,0,190,0,0,242,0,0
20979,0,0,0,0,250,253,0,253,37,0,253,0,253,253,0,216,0,0,253,17,0
34369,0,0,0,0,64,0,0,0,0,0,128,0,0,64,0,255,0,0,0,0,0
33136,0,0,0,0,0,176,0,0,0,0,120,0,116,0,0,104,0,0,0,0,0
30665,0,0,0,0,0,127,0,0,252,0,95,0,183,0,0,240,0,0,136,0,0
45359,0,0,0,0,252,253,0,66,0,0,0,0,15,252,0,253,0,0,0,252,0
2782,0,0,0,0,254,254,0,9,0,0,0,0,0,254,0,254,0,0,42,254,0
25137,0,0,0,0,251,134,0,0,0,0,191,0,0,139,0,213,0,0,175,0,0
22440,0,0,0,0,253,237,0,253,253,0,0,0,235,253,0,142,0,0,0,253,0
27466,0,0,0,0,240,232,0,107,0,0,0,0,0,32,0,103,0,0,51,252,0
46139,0,0,0,0,9,254,0,0,178,0,0,0,57,186,0,0,0,0,0,247,0
21576,0,0,0,0,0,253,0,0,0,0,0,0,0,0,0,0,0,0,149,0,0
21910,0,0,0,0,128,0,0,0,0,0,255,0,0,0,0,255,0,0,0,0,0
55752,0,0,0,0,124,151,0,0,0,0,202,0,0,0,0,0,0,0,0,0,0
33253,0,0,0,0,0,113,0,252,0,0,253,0,252,243,0,246,0,0,252,0,0
13203,0,0,0,0,32,240,0,253,31,0,253,0,190,253,0,253,0,0,253,0,0
20128,0,0,0,0,9,253,0,0,152,0,253,0,170,162,0,253,0,0,0,0,0
20955,0,0,0,0,254,254,0,254,189,0,0,0,194,50,0,254,0,159,5,254,0
21985,0,0,0,0,254,23,0,253,0,0,0,0,255,253,0,0,0,138,0,254,0
18064,0,0,0,0,0,254,0,0,0,0,254,0,0,0,0,213,0,0,0,0,0
43309,0,0,0,0,97,253,0,253,213,0,253,0,253,253,0,245,0,0,254,0,0
47335,0,0,0,0,0,193,0,0,0,0,146,0,0,0,0,92,0,0,253,0,0
47079,0,0,0,0,152,253,0,252,0,0,227,0,240,252,0,43,0,0,252,7,0
34025,0,0,0,0,0,187,0,0,4,0,202,0,0,0,0,225,0,0,89,0,0
7882,0,0,0,0,113,253,0,0,8,0,253,0,0,145,0,195,0,0,0,0,0
34352,0,0,0,0,0,137,0,0,0,0,0,0,0,0,0,0,0,0,119,0,0
41620,0,0,0,0,96,0,0,0,0,0,24,0,0,252,0,252,0,45,0,0,0
40844,0,0,0,0,0,0,0,59,254,0,100,0,62,7,0,4,0,0,0,0,0
55065,0,0,0,0,252,253,0,252,0,0,85,0,252,252,0,0,0,0,252,252,0
7183,0,0,0,0,0,253,0,253,252,0,82,0,0,21,0,0,0,0,0,0,0
15516,0,0,0,0,104,254,0,7,44,0,254,0,25,62,0,254,0,0,168,0,0
32151,0,0,0,0,186,253,0,232,253,0,253,0,253,253,0,199,0,0,201,0,0
59165,0,0,0,0,252,0,0,0,0,0,186,0,0,252,0,252,0,0,0,67,0
39236,0,0,0,0,253,235,0,166,0,0,0,0,76,253,0,0,0,0,23,107,0
3376,0,0,0,0,255,0,0,255,64,0,0,0,255,255,0,0,0,128,0,255,0
3286,0,0,0,0,253,253,0,17,120,0,250,0,74,253,0,253,0,0,29,190,0
17693,0,0,0,0,107,0,0,0,0,0,166,0,0,0,0,0,0,0,0,0,0
5019,0,0,0,0,252,0,0,249,0,0,38,0,203,176,0,214,0,98,48,230,0
2278,0,0,0,0,0,0,0,0,0,0,253,0,0,0,0,66,0,0,0,0,0
13286,0,0,0,0,253,222,0,252,0,0,0,0,191,252,0,252,0,11,58,253,0
37980,0,0,0,0,22,0,0,0,0,0,0,0,0,114,0,253,0,89,0,106,0
47447,0,0,0,0,64,60,0,204,94,0,253,0,251,244,0,32,0,0,251,0,0
34283,0,0,0,0,235,0,0,0,0,0,33,0,0,0,0,234,0,0,0,110,0
12504,0,0,0,0,253,253,0,253,0,0,253,0,213,253,0,253,0,0,244,253,0
8894,0,0,0,0,253,0,0,253,49,0,18,0,253,253,0,0,0,0,0,66,0
10071,0,0,0,0,253,253,0,253,253,0,253,0,196,253,0,133,0,0,95,0,0
51331,0,0,0,0,253,253,0,190,216,0,216,0,253,253,0,253,0,0,0,156,0
2352,0,0,0,0,0,192,0,0,0,0,0,0,0,223,0,253,0,247,167,253,0
47835,0,0,0,0,255,255,0,255,255,0,64,0,255,255,0,0,0,0,64,255,0
52407,1,0,0,0,254,202,0,0,0,0,52,0,0,0,0,57,90,0,197,0,0
44516,1,0,0,0,0,253,0,0,0,0,0,0,0,0,0,0,0,253,0,0,0
34547,1,0,0,0,0,0,0,0,254,0,0,0,253,0,0,67,0,0,155,0,0
48691,1,0,0,0,0,218,0,0,0,0,0,0,0,0,0,0,0,0,253,0,0
35257,1,0,0,0,0,0,0,0,253,0,0,0,0,0,0,0,0,0,0,0,0
13584,1,0,0,0,0,170,0,0,0,0,0,0,0,0,0,0,0,0,86,0,0
46652,1,0,0,0,67,46,0,0,0,0,176,0,0,0,0,0,0,0,0,0,0
39012,1,0,0,0,0,150,0,0,0,0,0,0,0,0,0,0,0,0,0,0,0
44242,1,0,0,0,0,0,0,0,0,0,0,0,0,0,0,0,0,0,194,0,0
37753,1,0,0,0,253,252,0,252,0,0,253,0,252,176,0,252,0,209,219,0,0
36661,1,0,0,0,83,252,0,252,4,0,0,0,252,0,0,36,0,0,252,0,0
33969,1,0,0,0,59,21,0,0,253,0,253,0,0,0,0,0,0,0,0,0,0
21225,1,0,0,0,240,254,0,0,0,0,126,0,38,0,0,0,0,0,0,0,0
40451,1,0,0,0,0,252,0,102,181,0,0,0,252,0,0,253,253,0,253,0,0
11219,1,0,0,0,0,0,0,0,252,0,0,0,7,0,0,0,0,0,0,0,0
14463,1,0,0,0,0,0,0,0,249,0,0,0,1,0,0,0,0,0,0,0,0
40983,1,0,0,0,0,152,0,0,0,0,0,0,0,0,0,0,0,0,224,0,0
24140,1,0,0,0,0,0,0,0,0,0,0,0,0,0,0,0,126,253,169,0,0
32132,1,0,0,0,0,241,0,0,253,0,0,0,0,0,0,0,0,0,253,0,0
47905,1,0,0,0,0,0,0,0,60,0,0,0,0,0,0,0,0,0,0,0,0
25857,1,0,0,0,0,255,0,0,0,0,0,0,0,0,0,0,0,0,168,0,0
13058,1,0,0,0,251,122,0,0,0,0,0,0,0,0,0,0,0,0,0,0,0
38940,1,0,0,0,0,211,0,0,191,0,0,0,0,0,0,0,0,0,161,0,0
47360,1,0,0,0,0,0,0,0,0,0,0,0,0,0,0,0,0,0,62,0,0
51606,1,0,0,0,0,63,0,0,0,0,0,0,0,0,0,0,0,0,0,0,0
56371,1,0,0,0,0,255,0,0,0,0,0,0,0,0,0,0,0,0,0,0,0
8568,1,0,0,0,0,0,0,0,0,0,226,0,0,0,0,0,0,0,0,0,0
18749,1,0,0,0,0,205,0,0,0,0,0,0,38,0,0,0,0,0,62,0,0
44062,1,0,0,0,0,72,0,0,0,0,0,0,0,0,0,0,0,0,254,0,0
35520,1,0,0,0,0,0,0,0,0,0,147,0,0,0,0,0,0,197,0,0,0
18285,1,0,0,0,0,76,0,0,0,0,0,0,0,0,0,0,0,0,13,0,0
39748,1,0,0,0,10,159,0,0,254,0,243,0,0,0,0,0,0,0,2,0,0
56381,1,0,0,0,128,255,0,0,0,0,0,0,0,0,0,128,0,0,191,0,0
58591,1,0,0,0,0,0,0,0,0,0,0,0,0,0,0,0,0,0,0,0,0
16932,1,0,0,0,0,0,0,0,0,0,0,0,0,0,0,0,0,0,83,0,0
15,1,0,0,0,252,252,0,0,0,0,0,0,214,0,0,220,79,0,252,0,0
24088,1,0,0,0,0,191,0,0,0,0,22,0,0,0,0,0,0,0,253,0,0
37454,1,0,0,0,0,140,0,0,0,0,255,0,0,0,0,0,0,0,0,0,0
12307,1,0,0,0,0,0,0,0,0,0,0,41,151,0,0,233,0,0,253,0,0
40068,1,0,0,0,0,0,0,0,79,0,254,0,0,0,0,0,0,0,0,0,0
20033,1,0,0,0,253,5,0,12,0,0,253,0,150,0,0,0,0,8,0,1,0
38656,1,0,0,0,254,75,0,0,0,0,0,0,119,80,0,0,0,211,0,0,0
5031,1,0,0,0,0,0,0,0,252,0,0,0,206,0,0,102,0,0,0,0,0
43922,1,0,0,0,0,0,0,0,0,0,244,0,0,0,0,0,0,0,0,193,0
49892,1,0,0,0,254,21,0,0,0,0,133,0,0,0,0,12,0,252,0,0,0
46433,1,0,0,0,0,0,0,0,128,0,0,0,128,0,0,0,0,0,0,0,0
1521,1,0,0,0,0,0,0,0,0,0,0,0,0,0,0,0,0,0,0,0,0
49570,1,0,0,0,0,53,0,0,0,0,130,0,0,0,0,0,0,0,0,0,0
17890,1,0,0,0,0,0,0,0,0,0,120,0,0,0,0,0,0,0,0,0,0
51285,1,0,0,0,0,0,0,0,253,0,0,0,0,0,0,0,0,0,0,0,0
20994,1,0,0,0,252,252,0,0,252,0,0,0,253,0,0,0,0,0,0,0,0
13260,1,0,0,0,0,29,0,0,0,0,0,0,0,0,0,0,0,0,253,0,0
11553,1,0,0,0,34,253,0,0,0,0,32,0,0,0,0,48,0,0,253,0,0
5562,1,0,0,0,0,254,0,2,153,0,0,0,254,0,0,6,0,0,6,0,0
9886,1,0,0,0,0,250,0,0,0,0,121,0,130,0,0,222,0,252,250,0,0
3885,1,0,0,0,0,0,0,0,107,0,0,0,0,0,0,0,0,0,0,0,0
28864,1,0,0,0,0,253,0,0,0,0,0,0,0,0,0,0,0,253,0,0,0
55210,1,0,0,0,0,4,0,0,0,0,0,0,0,0,0,0,0,0,81,0,0
19083,1,0,0,0,198,29,0,0,0,0,0,0,255,0,0,0,0,0,0,0,0
42629,1,0,0,0,0,255,0,0,0,0,191,0,0,0,0,0,0,255,255,0,0
29951,1,0,0,0,0,47,0,0,4,0,0,0,0,0,0,0,0,0,4,0,0
42914,1,0,0,0,116,95,0,0,200,0,30,0,0,0,0,0,0,0,0,253,0
46376,1,0,0,0,0,254,0,0,0,0,254,0,0,0,0,248,0,136,67,0,0
22238,1,0,0,0,0,0,0,0,76,0,225,0,54,0,0,0,0,0,0,0,0
1556,1,0,0,0,253,56,0,0,0,0,139,0,28,0,0,0,0,85,0,0,0
58033,1,0,0,0,0,0,0,0,29,0,0,0,0,0,0,0,0,0,0,0,0
7959,1,0,0,0,255,255,0,0,0,0,0,0,0,0,0,128,128,0,255,0,0
17961,1,0,0,0,253,253,0,253,0,0,253,0,253,253,0,253,0,0,253,0,0
26772,1,0,0,0,0,43,0,0,0,0,0,0,0,0,0,0,0,0,65,0,0
9988,1,0,0,0,0,246,0,0,0,0,0,0,0,0,0,10,0,0,253,0,0
28413,1,0,0,0,127,253,0,34,15,0,74,0,253,171,0,65,0,0,0,0,0
6286,1,0,0,0,0,0,0,0,37,0,253,0,0,0,0,0,0,0,0,0,0
37944,1,0,0,0,0,0,0,0,35,0,70,0,0,0,0,0,0,0,0,0,0
41871,1,0,0,0,15,253,0,0,242,0,102,0,0,0,0,186,0,0,253,0,0
41148,1,0,0,0,254,0,0,0,0,0,0,0,28,0,0,18,0,0,239,0,0
33828,1,0,0,0,0,0,0,0,253,0,253,0,0,0,0,0,0,0,0,0,0
55492,1,0,0,0,0,191,0,0,0,0,251,0,0,0,0,251,0,251,0,0,0
55634,1,0,0,0,0,110,0,0,0,0,0,0,0,0,0,0,0,0,0,0,0
783,1,0,0,0,0,0,0,0,205,0,0,0,0,0,0,0,0,0,0,0,0
38522,1,0,0,0,0,235,0,0,0,0,0,0,0,0,0,0,0,0,254,0,0
5771,1,0,0,0,0,62,0,0,203,0,0,0,151,0,0,0,0,0,252,0,0
38888,1,0,0,0,0,0,0,0,123,0,255,0,0,0,0,0,0,0,0,0,0
2045,1,0,0,0,0,0,0,0,0,0,0,0,0,0,0,0,0,0,0,0,0
57173,1,0,0,0,0,0,0,0,0,0,0,0,0,0,0,0,0,0,0,0,0
43991,1,0,0,0,230,0,0,0,253,0,48,0,0,0,0,0,0,0,0,0,0
55547,1,0,0,0,0,53,0,0,122,0,253,0,35,0,0,251,0,0,180,0,0
29871,1,0,0,0,0,183,0,0,0,0,0,0,0,0,0,0,0,0,62,0,0
45780,1,0,0,0,0,121,0,0,64,0,0,0,0,0,0,0,0,0,67,0,0
16086,1,0,0,0,0,0,0,0,122,0,0,0,0,0,0,0,0,0,0,0,0
31730,1,0,0,0,231,183,0,0,0,0,0,0,0,0,0,0,0,0,161,0,0
42320,1,0,0,0,0,0,0,0,107,0,0,0,0,0,0,0,0,0,0,0,0
46774,1,0,0,0,0,254,0,0,0,0,0,0,0,0,0,0,0,0,0,0,0
4441,1,0,0,0,0,0,0,0,173,0,0,0,0,0,0,0,0,0,0,0,0
4225,1,0,0,0,0,0,0,0,253,0,0,0,0,0,0,0,0,0,0,0,0
52392,1,0,0,0,54,82,0,0,0,0,0,0,0,11,0,0,0,0,255,0,0
58909,1,0,0,0,0,0,0,0,0,0,0,0,0,0,0,0,0,0,84,0,0
8839,1,0,0,0,0,0,0,0,50,0,0,0,0,0,0,0,0,0,0,0,0
58188,1,0,0,0,161,0,0,0,0,0,0,0,0,0,0,0,0,250,202,0,0
14054,1,0,0,0,0,0,0,0,124,0,0,0,0,0,0,0,0,0,71,0,0
57016,1,0,0,0,0,0,0,0,0,0,0,0,0,0,0,0,0,253,0,0,0
